kabupaten,tahun,bulan,ALLSKY_SFC_SW_DWN,T2M,T2M_MAX,T2M_MIN,RH2M,PRECTOTCORR
Bandar Lampung,2018,1,17.429032258064513,25.845483870967744,28.77806451612903,23.696129032258067,84.71483870967741,162.3
Bandar Lampung,2018,2,18.649285714285714,25.919285714285714,28.48107142857143,23.997857142857146,86.46285714285715,374.04
Bandar Lampung,2018,3,19.30032258064516,25.989354838709676,28.49225806451613,24.228064516129034,86.3225806451613,379.44
Bandar Lampung,2018,4,18.052666666666667,26.541333333333334,29.061666666666667,24.695,86.41933333333333,244.87
Bandar Lampung,2018,5,17.52032258064516,26.565806451612904,29.163870967741936,24.671935483870968,86.29516129032258,122.63
Bandar Lampung,2018,6,16.109333333333332,26.106333333333335,28.454333333333334,24.430666666666664,86.50266666666667,122.36
Bandar Lampung,2018,7,18.72483870967742,25.350645161290323,28.54,23.026129032258062,82.50225806451614,12.120000000000001
Bandar Lampung,2018,8,18.653225806451612,26.090645161290322,30.063548387096777,23.373548387096776,76.60032258064517,34.39
Bandar Lampung,2018,9,19.889,26.67866666666667,31.08966666666667,23.514333333333333,74.95,47.11
Bandar Lampung,2018,10,19.84967741935484,27.57903225806452,31.911935483870966,24.484516129032258,75.19225806451612,77.44
Bandar Lampung,2018,11,18.252666666666666,26.75,29.99866666666667,24.60533333333333,82.48966666666666,173.05
Bandar Lampung,2018,12,17.448064516129033,26.49967741935484,29.530322580645162,24.456129032258065,82.56806451612904,161.39000000000001
Bandar Lampung,2019,1,19.00548387096774,26.60258064516129,29.58258064516129,24.436129032258062,84.20677419354838,340.98
Bandar Lampung,2019,2,19.937857142857144,26.534285714285716,29.36285714285714,24.485000000000003,85.41571428571429,275.99
Bandar Lampung,2019,3,18.656774193548387,26.299999999999997,28.983225806451614,24.271612903225805,85.85096774193549,353.42
Bandar Lampung,2019,4,18.971999999999998,26.801333333333332,29.406,24.92,86.099,271.79
Bandar Lampung,2019,5,17.94709677419355,26.710967741935484,29.11,24.955161290322582,86.09612903225806,86.38
Bandar Lampung,2019,6,16.682333333333336,26.00433333333333,28.729666666666667,24.05933333333333,85.18833333333333,51.300000000000004
Bandar Lampung,2019,7,18.4,25.767419354838708,29.140967741935484,23.324838709677422,81.65064516129033,70.58
Bandar Lampung,2019,8,19.77032258064516,26.216129032258067,30.84161290322581,23.038709677419355,74.00161290322582,3.39
Bandar Lampung,2019,9,21.050666666666665,27.168,32.50633333333333,23.298000000000002,69.24233333333333,3.6
Bandar Lampung,2019,10,22.033870967741933,27.58967741935484,32.69064516129032,23.948064516129033,71.34516129032258,56.75
Bandar Lampung,2019,11,21.201999999999998,27.859333333333332,32.657000000000004,24.403666666666666,72.48366666666666,53.5
Bandar Lampung,2019,12,18.830967741935485,27.813870967741938,32.04548387096774,24.821290322580648,77.5058064516129,276.38
Bandar Lampung,2020,1,18.786129032258064,26.73548387096774,29.551935483870967,24.69677419354839,86.28709677419356,584.64
Bandar Lampung,2020,2,18.09,26.547931034482758,29.06793103448276,24.58103448275862,86.60586206896552,267.43
Bandar Lampung,2020,3,18.121935483870967,26.673548387096773,28.98032258064516,24.908709677419353,86.9858064516129,444.5
Bandar Lampung,2020,4,18.657333333333334,26.823333333333334,29.223333333333336,25.005999999999997,86.84466666666667,290.9
Bandar Lampung,2020,5,16.216129032258063,26.780645161290323,29.001290322580644,25.169677419354837,87.91161290322582,190.13
Bandar Lampung,2020,6,16.039333333333335,26.186666666666667,28.481333333333332,24.46966666666667,87.16900000000001,268.28000000000003
Bandar Lampung,2020,7,16.695483870967742,25.761290322580646,28.27741935483871,24.01322580645161,86.4341935483871,146.46
Bandar Lampung,2020,8,19.634516129032257,25.878387096774194,28.71709677419355,23.7758064516129,85.79516129032258,170.82
Bandar Lampung,2020,9,18.83966666666667,26.063333333333333,29.05666666666667,23.918,85.11866666666667,112.3
Bandar Lampung,2020,10,17.818064516129034,26.062903225806455,28.7758064516129,24.25032258064516,85.79548387096774,142.06
Bandar Lampung,2020,11,17.349333333333334,26.62066666666667,29.837666666666667,24.409666666666666,83.34933333333333,161.63
Bandar Lampung,2020,12,17.049677419354836,25.87741935483871,28.616451612903226,23.879677419354838,85.23516129032258,294.26
Bandar Lampung,2021,1,15.440967741935484,25.923548387096773,28.393225806451614,23.990645161290324,86.10870967741936,335.33
Bandar Lampung,2021,2,17.595357142857143,26.056428571428572,28.601428571428574,24.118214285714288,86.90714285714286,307.99
Bandar Lampung,2021,3,19.870645161290323,26.050967741935484,28.543870967741935,24.04548387096774,85.48612903225806,181.95
Bandar Lampung,2021,4,18.813,26.212,28.694333333333336,24.359666666666666,86.08033333333333,200.95
Bandar Lampung,2021,5,16.618387096774192,26.695483870967742,29.180967741935483,24.923870967741934,87.35806451612903,87.7
Bandar Lampung,2021,6,15.077666666666666,26.033333333333335,28.230666666666664,24.35666666666667,86.31400000000001,81.35
Bandar Lampung,2021,7,16.823870967741936,25.98193548387097,29.053870967741933,23.728387096774195,82.9141935483871,55.419999999999995
Bandar Lampung,2021,8,17.232580645161292,26.45774193548387,29.820322580645165,24.13,81.44290322580645,116.07
Bandar Lampung,2021,9,17.979,26.351999999999997,29.570666666666668,24.109333333333332,83.26566666666666,165.02
Bandar Lampung,2021,10,19.53258064516129,26.661935483870966,29.799354838709675,24.489354838709676,82.69677419354838,158.59
Bandar Lampung,2021,11,17.31066666666667,25.967,28.470333333333333,24.200333333333333,86.91266666666667,371.2
Bandar Lampung,2021,12,17.98193548387097,26.21677419354839,28.93322580645161,24.25483870967742,85.4541935483871,252.76999999999998
Bandar Lampung,2022,1,18.811612903225804,25.912580645161288,28.183548387096774,24.19193548387097,87.26774193548388,315.46
Bandar Lampung,2022,2,18.75392857142857,25.934642857142855,28.551071428571426,23.96392857142857,85.74785714285714,223.46
Bandar Lampung,2022,3,18.822903225806453,26.344838709677422,28.926774193548386,24.39548387096774,85.23967741935483,139.51
Bandar Lampung,2022,4,19.051666666666666,26.28166666666667,28.812,24.404333333333334,85.537,226.19
Bandar Lampung,2022,5,15.711612903225806,26.40516129032258,28.58516129032258,24.782258064516128,87.5232258064516,234.63
Bandar Lampung,2022,6,14.861333333333334,25.671666666666667,27.877,24.103,87.24666666666667,147.83
Bandar Lampung,2022,7,15.80774193548387,26.05322580645161,28.6,24.148387096774194,85.53999999999999,90.19
Bandar Lampung,2022,8,17.654193548387095,26.021290322580644,28.575806451612905,24.206451612903226,86.09645161290322,137.72
Bandar Lampung,2022,9,18.262999999999998,25.939,28.683333333333334,24.023666666666667,85.46333333333334,85.6
Bandar Lampung,2022,10,17.760322580645163,25.84,28.43032258064516,24.118709677419357,86.1716129032258,196.56
Bandar Lampung,2022,11,18.529333333333334,25.988333333333333,28.824,24.000666666666667,85.74033333333334,148.06
Bandar Lampung,2022,12,16.406774193548387,26.011935483870968,28.990645161290324,23.84,84.34161290322581,215.45
Bandar Lampung,2023,1,18.219032258064516,25.656129032258065,28.223225806451612,23.77774193548387,86.87612903225806,310.46
Bandar Lampung,2023,2,16.90607142857143,25.77035714285714,28.365357142857142,23.7375,85.84392857142858,205.37
Bandar Lampung,2023,3,19.338709677419356,26.08258064516129,28.70193548387097,24.136129032258065,86.69516129032259,261.28000000000003
Bandar Lampung,2023,4,20.0,26.291666666666668,28.871,24.370333333333335,86.47133333333333,107.05
Bandar Lampung,2023,5,17.43548387096774,26.858709677419355,29.254193548387097,25.17096774193548,86.31258064516129,142.91
Bandar Lampung,2023,6,15.589666666666666,26.41166666666667,28.785,24.688666666666666,86.80099999999999,146.37
Bandar Lampung,2023,7,15.858064516129032,25.973870967741938,28.513870967741934,24.22225806451613,86.22258064516129,220.47
Bandar Lampung,2023,8,19.356451612903225,25.956129032258065,29.397096774193546,23.546774193548387,82.88741935483871,58.22
Bandar Lampung,2023,9,22.101999999999997,26.80666666666667,31.635666666666665,23.393666666666668,74.11933333333333,4.06
Bandar Lampung,2023,10,22.809354838709677,28.433870967741935,33.567096774193544,24.701612903225808,70.33741935483872,7.43
Bandar Lampung,2023,11,18.096,28.031000000000002,32.16566666666667,25.266333333333332,77.43433333333334,110.10000000000001
Bandar Lampung,2023,12,18.908709677419353,27.340967741935486,31.270967741935483,24.74225806451613,79.33225806451614,151.22
Bandar Lampung,2024,1,17.054193548387094,26.727096774193548,29.48225806451613,24.794193548387096,86.16451612903225,280.13
Bandar Lampung,2024,2,18.734137931034482,26.861379310344827,29.466206896551725,24.95310344827586,86.23724137931035,235.5
Bandar Lampung,2024,3,18.561612903225804,26.996129032258064,29.68935483870968,25.026451612903223,86.47612903225807,320.1
Bandar Lampung,2024,4,16.710333333333335,27.38,29.851,25.561666666666667,87.72833333333332,256.03000000000003
Bandar Lampung,2024,5,16.106129032258064,27.37516129032258,29.888387096774192,25.53516129032258,87.08064516129032,174.59
Bandar Lampung,2024,6,15.209,26.926333333333332,29.349333333333334,25.089666666666666,85.71033333333334,142.57
Bandar Lampung,2024,7,17.488387096774193,26.196129032258067,29.073548387096775,24.13935483870968,83.62290322580645,95.74
Bandar Lampung,2024,8,19.11032258064516,26.679032258064513,30.531290322580645,23.89548387096774,79.93290322580646,46.08
Bandar Lampung,2024,9,20.28166666666667,27.509,31.913,24.486666666666668,75.15266666666666,71.67999999999999
Bandar Lampung,2024,10,22.120645161290323,28.09258064516129,32.55935483870968,25.003225806451614,73.98645161290322,67.06
Bandar Lampung,2024,11,17.488333333333333,27.142999999999997,30.455333333333332,24.909666666666666,82.80466666666666,264.22
Bandar Lampung,2024,12,15.973225806451614,26.70387096774194,29.668064516129032,24.596451612903227,84.72258064516129,231.26
Lampung Barat,2018,1,16.938709677419357,23.36258064516129,26.960322580645162,20.769032258064517,86.88483870967741,164.02
Lampung Barat,2018,2,19.874642857142856,23.711785714285718,26.798214285714288,21.38214285714286,88.86357142857142,377.32
Lampung Barat,2018,3,19.3341935483871,23.653225806451612,26.668387096774193,21.510645161290324,89.25322580645161,390.08
Lampung Barat,2018,4,19.419333333333334,24.41033333333333,27.71833333333333,21.971333333333334,88.541,205.82999999999998
Lampung Barat,2018,5,18.595483870967744,24.26516129032258,27.716129032258067,21.693225806451615,88.61419354838709,136.88
Lampung Barat,2018,6,16.45,23.765,26.831333333333337,21.454333333333334,89.39633333333333,118.28
Lampung Barat,2018,7,18.671290322580642,23.32193548387097,27.34032258064516,20.34741935483871,85.53612903225806,13.66
Lampung Barat,2018,8,18.283548387096772,23.937419354838706,28.623225806451615,20.730645161290322,80.13129032258065,41.06
Lampung Barat,2018,9,19.555,24.792666666666666,30.163999999999998,20.847666666666665,74.578,45.51
Lampung Barat,2018,10,19.0458064516129,25.980645161290322,31.46741935483871,22.02258064516129,72.46387096774194,73.21000000000001
Lampung Barat,2018,11,17.436333333333334,24.869333333333334,29.014,22.182666666666666,82.071,168.05
Lampung Barat,2018,12,16.271612903225808,24.356774193548386,28.078064516129032,21.88032258064516,84.25129032258064,119.15
Lampung Barat,2019,1,18.85225806451613,24.42967741935484,27.88806451612903,21.943225806451615,86.37903225806451,322.2
Lampung Barat,2019,2,20.95,24.347857142857144,27.777142857142856,21.865000000000002,88.07392857142858,308.34
Lampung Barat,2019,3,19.010322580645163,24.124193548387098,27.478064516129034,21.60483870967742,87.56709677419354,334.44
Lampung Barat,2019,4,19.479,24.65533333333333,27.96333333333333,22.267999999999997,88.23066666666666,322.9
Lampung Barat,2019,5,18.438387096774196,24.46193548387097,27.660967741935483,22.05838709677419,88.61,67.44
Lampung Barat,2019,6,16.950333333333333,24.089,27.649333333333335,21.498,87.87100000000001,56.56
Lampung Barat,2019,7,18.14258064516129,23.66548387096774,27.789354838709677,20.559677419354838,84.98516129032258,72.71
Lampung Barat,2019,8,19.67096774193548,24.431935483870966,29.93903225806452,20.406774193548387,74.22322580645161,1.26
Lampung Barat,2019,9,21.498333333333335,25.791,32.25966666666667,20.782,64.99,4.52
Lampung Barat,2019,10,21.044193548387096,26.3141935483871,32.6241935483871,21.573548387096775,65.77193548387098,52.12
Lampung Barat,2019,11,21.674333333333333,26.772333333333332,32.75233333333333,22.366333333333333,65.98666666666666,48.11
Lampung Barat,2019,12,19.666451612903224,26.023548387096774,30.806774193548385,22.75483870967742,75.69419354838709,279.44
Lampung Barat,2020,1,18.181290322580644,24.567419354838712,27.691612903225806,22.312903225806455,88.79290322580646,457.3
Lampung Barat,2020,2,18.468620689655175,24.484827586206894,27.583448275862068,22.160344827586208,88.18931034482758,181.43
Lampung Barat,2020,3,18.76516129032258,24.478709677419356,27.291935483870965,22.370645161290323,89.56806451612904,367.65
Lampung Barat,2020,4,18.91866666666667,24.633666666666667,27.64966666666667,22.490333333333336,89.04299999999999,275.62
Lampung Barat,2020,5,16.76774193548387,24.78258064516129,27.679032258064513,22.728064516129034,89.6083870967742,184.35999999999999
Lampung Barat,2020,6,16.69066666666667,23.933333333333334,26.961000000000002,21.666666666666668,89.62466666666666,299.06
Lampung Barat,2020,7,17.32225806451613,23.53516129032258,26.877096774193546,21.07741935483871,88.78645161290324,146.29
Lampung Barat,2020,8,19.783548387096772,23.843548387096774,27.59741935483871,20.995806451612903,87.25483870967743,130.97
Lampung Barat,2020,9,18.515666666666668,24.053,28.046666666666667,21.197666666666667,85.97399999999999,101.72
Lampung Barat,2020,10,16.82774193548387,24.046774193548387,27.693225806451615,21.605483870967742,87.00903225806452,121.29
Lampung Barat,2020,11,17.033666666666665,24.375333333333334,28.35666666666667,21.653000000000002,85.03166666666667,130.94
Lampung Barat,2020,12,16.681290322580644,23.541935483870965,26.984193548387097,21.01806451612903,87.26870967741935,289.49
Lampung Barat,2021,1,16.369032258064514,23.626129032258063,26.557419354838707,21.404516129032256,88.7432258064516,323.37
Lampung Barat,2021,2,18.440714285714286,23.867142857142856,26.960714285714285,21.627142857142854,88.97214285714286,265.85
Lampung Barat,2021,3,20.12741935483871,23.78258064516129,27.074838709677422,21.28516129032258,87.83193548387096,167.77
Lampung Barat,2021,4,18.924333333333333,24.005,27.188333333333333,21.641333333333332,88.35799999999999,228.97
Lampung Barat,2021,5,18.200967741935486,24.65064516129032,27.875806451612902,22.36,88.89064516129032,88.44
Lampung Barat,2021,6,16.11766666666667,23.793333333333333,26.795333333333335,21.447333333333333,88.60799999999999,77.14
Lampung Barat,2021,7,17.733225806451614,23.623870967741937,27.406774193548387,20.669999999999998,86.0525806451613,54.05
Lampung Barat,2021,8,17.09741935483871,24.218064516129033,28.356774193548386,21.3141935483871,83.53645161290324,120.36
Lampung Barat,2021,9,18.07133333333333,24.366333333333333,28.444333333333336,21.469333333333335,84.432,160.64
Lampung Barat,2021,10,18.605806451612903,24.770967741935483,28.798709677419353,21.97290322580645,83.64064516129032,145.65
Lampung Barat,2021,11,17.088666666666665,23.726,26.874333333333333,21.482666666666667,88.85766666666667,367.25
Lampung Barat,2021,12,17.311612903225804,23.93935483870968,27.16516129032258,21.666129032258063,88.46677419354837,256.76
Lampung Barat,2022,1,19.549354838709675,23.806129032258063,26.727096774193548,21.70451612903226,89.66290322580646,316.48
Lampung Barat,2022,2,18.446428571428573,23.513214285714287,26.700714285714287,21.138214285714287,88.28607142857142,194.07999999999998
Lampung Barat,2022,3,19.495483870967742,24.043225806451613,27.30354838709677,21.67032258064516,87.55806451612904,122.21
Lampung Barat,2022,4,19.37366666666667,24.18433333333333,27.469333333333335,21.792666666666666,87.85133333333333,176.55
Lampung Barat,2022,5,16.614193548387096,24.36709677419355,27.37548387096774,22.095806451612905,89.17354838709677,194.9
Lampung Barat,2022,6,15.919333333333332,23.50433333333333,26.494666666666667,21.271333333333335,89.18833333333333,129.92
Lampung Barat,2022,7,15.990322580645161,23.801290322580645,27.010645161290324,21.32161290322581,88.02354838709678,82.17
Lampung Barat,2022,8,17.116451612903226,24.000645161290322,27.43967741935484,21.53806451612903,87.75806451612904,155.2
Lampung Barat,2022,9,17.002666666666666,23.790000000000003,27.358,21.274,87.02600000000001,81.45
Lampung Barat,2022,10,16.210322580645162,23.76258064516129,27.096129032258066,21.47290322580645,88.50419354838711,191.84
Lampung Barat,2022,11,17.52466666666667,23.937,27.437666666666665,21.482000000000003,87.47566666666667,132.07
Lampung Barat,2022,12,16.155483870967743,23.732903225806453,27.280645161290323,21.171612903225807,86.83258064516129,228.54
Lampung Barat,2023,1,18.026774193548388,23.401935483870968,26.581290322580646,21.083225806451615,89.22,341.97
Lampung Barat,2023,2,16.69857142857143,23.417499999999997,26.65285714285714,20.982142857142858,88.21892857142858,164.67
Lampung Barat,2023,3,19.563548387096777,23.942258064516132,27.09935483870968,21.649032258064516,89.09290322580645,296.2
Lampung Barat,2023,4,19.659,24.283,27.650666666666666,21.778000000000002,88.239,116.52
Lampung Barat,2023,5,18.169032258064515,24.695483870967745,27.870967741935484,22.463870967741936,89.00064516129032,159.54999999999998
Lampung Barat,2023,6,16.345000000000002,24.316333333333333,27.406333333333333,22.02766666666667,89.361,130.13
Lampung Barat,2023,7,15.411935483870968,24.062580645161294,27.299032258064514,21.835806451612903,88.70483870967742,199.88
Lampung Barat,2023,8,19.413870967741936,24.119032258064518,28.372903225806454,21.065161290322582,85.26870967741935,62.67
Lampung Barat,2023,9,21.821,24.807333333333336,30.510333333333335,20.602666666666668,75.916,4.3999999999999995
Lampung Barat,2023,10,22.11774193548387,26.82032258064516,32.88612903225807,22.169354838709676,66.77193548387096,6.46
Lampung Barat,2023,11,18.200666666666667,26.580333333333332,31.481333333333332,23.099666666666668,74.36733333333333,101.18
Lampung Barat,2023,12,18.482580645161292,25.659032258064514,30.126774193548385,22.578064516129032,79.6983870967742,205.53
Lampung Barat,2024,1,16.991612903225807,24.595161290322583,27.76451612903226,22.418387096774193,88.05129032258066,239.94
Lampung Barat,2024,2,18.600689655172413,24.82137931034483,28.039310344827587,22.561034482758622,88.46275862068966,244.25
Lampung Barat,2024,3,18.730645161290322,24.81451612903226,28.111612903225808,22.333225806451615,88.58258064516129,314.15
Lampung Barat,2024,4,17.598000000000003,25.391666666666666,28.549,23.112333333333332,89.18133333333334,265.87
Lampung Barat,2024,5,18.037419354838708,25.490645161290324,28.684516129032257,23.175161290322578,88.83903225806452,171.48
Lampung Barat,2024,6,16.422,24.73166666666667,27.891000000000002,22.342666666666666,88.08366666666667,121.86
Lampung Barat,2024,7,17.745483870967742,24.17258064516129,27.934838709677418,21.373548387096776,86.01290322580645,30.86
Lampung Barat,2024,8,18.79741935483871,24.97451612903226,29.690322580645162,21.552258064516128,80.14322580645161,36.18
Lampung Barat,2024,9,19.766333333333332,25.913333333333334,31.308333333333334,22.11433333333333,73.36366666666666,71.47
Lampung Barat,2024,10,21.30354838709677,26.425806451612903,31.88225806451613,22.476129032258065,71.24258064516128,69.15
Lampung Barat,2024,11,17.511333333333333,25.15266666666667,29.118666666666666,22.462,83.006,273.69
Lampung Barat,2024,12,16.000967741935487,24.30354838709677,27.823870967741936,21.734516129032258,86.78483870967742,231.94
Lampung Selatan,2018,1,17.429032258064513,26.92806451612903,29.30258064516129,24.986129032258066,83.19645161290323,174.03
Lampung Selatan,2018,2,18.649285714285714,26.812857142857144,28.7225,25.1925,85.09607142857143,443.36
Lampung Selatan,2018,3,19.30032258064516,27.139032258064518,29.004516129032258,25.588064516129034,83.3016129032258,369.38
Lampung Selatan,2018,4,18.052666666666667,27.766666666666666,29.587333333333333,26.306333333333335,82.37833333333333,265.94
Lampung Selatan,2018,5,17.52032258064516,27.831290322580646,29.63290322580645,26.463870967741936,82.98870967741935,107.43
Lampung Selatan,2018,6,16.109333333333332,27.391666666666666,29.149333333333335,26.020333333333333,82.14033333333333,109.33
Lampung Selatan,2018,7,18.72483870967742,26.710967741935484,29.23548387096774,24.73774193548387,77.62935483870967,8.29
Lampung Selatan,2018,8,18.653225806451612,27.24225806451613,30.480645161290322,24.877741935483872,74.04709677419355,26.93
Lampung Selatan,2018,9,19.889,27.767,31.377333333333333,25.1,72.56866666666666,48.07
Lampung Selatan,2018,10,19.84967741935484,28.620645161290323,31.895806451612902,26.13193548387097,72.95129032258063,78.84
Lampung Selatan,2018,11,18.252666666666666,27.816333333333333,30.16433333333333,26.12066666666667,80.46933333333332,184.15
Lampung Selatan,2018,12,17.448064516129033,27.355806451612903,29.46741935483871,25.75516129032258,82.01935483870967,165.42
Lampung Selatan,2019,1,19.00548387096774,27.33677419354839,29.517096774193547,25.55516129032258,83.66903225806452,345.55
Lampung Selatan,2019,2,19.937857142857144,27.518214285714286,29.448571428571427,25.920714285714286,82.80357142857143,263.88
Lampung Selatan,2019,3,18.656774193548387,27.373225806451615,29.362903225806452,25.679032258064513,83.43161290322581,342.94
Lampung Selatan,2019,4,18.971999999999998,28.051333333333332,29.955333333333332,26.496666666666666,82.77966666666666,252.13
Lampung Selatan,2019,5,17.94709677419355,27.988387096774193,29.73741935483871,26.66290322580645,82.65774193548387,101.89
Lampung Selatan,2019,6,16.682333333333336,27.436,29.363666666666667,25.892,80.025,46.74
Lampung Selatan,2019,7,18.4,27.056451612903224,29.539354838709677,25.193870967741937,77.63709677419355,53.84
Lampung Selatan,2019,8,19.77032258064516,27.23516129032258,30.879032258064516,24.571290322580648,72.76548387096774,5.9399999999999995
Lampung Selatan,2019,9,21.050666666666665,28.152333333333335,32.202000000000005,25.125999999999998,68.31,4.73
Lampung Selatan,2019,10,22.033870967741933,28.723548387096777,32.778387096774196,25.64741935483871,69.58387096774193,52.190000000000005
Lampung Selatan,2019,11,21.201999999999998,28.918666666666663,32.726,26.106333333333335,71.153,59.58
Lampung Selatan,2019,12,18.830967741935485,28.60258064516129,31.692903225806454,26.20258064516129,76.76935483870967,273.76
Lampung Selatan,2020,1,18.786129032258064,27.49290322580645,29.5641935483871,25.778387096774193,85.00870967741936,535.15
Lampung Selatan,2020,2,18.09,27.318620689655173,29.163103448275862,25.70551724137931,86.09482758620689,345.02
Lampung Selatan,2020,3,18.121935483870967,27.694193548387098,29.393225806451614,26.202903225806452,84.36806451612902,397.61
Lampung Selatan,2020,4,18.657333333333334,27.99233333333333,29.690333333333335,26.555,83.36066666666667,258.34
Lampung Selatan,2020,5,16.216129032258063,27.934193548387096,29.476129032258065,26.67838709677419,84.79741935483872,187.62
Lampung Selatan,2020,6,16.039333333333335,27.449333333333335,29.13266666666667,26.146,83.42399999999999,196.15
Lampung Selatan,2020,7,16.695483870967742,26.983870967741936,28.786451612903225,25.621935483870967,82.88612903225805,127.22
Lampung Selatan,2020,8,19.634516129032257,27.050322580645158,29.052258064516128,25.486129032258066,82.49290322580646,143.55
Lampung Selatan,2020,9,18.83966666666667,27.35,29.570333333333334,25.56433333333333,81.02333333333333,112.24000000000001
Lampung Selatan,2020,10,17.818064516129034,27.28774193548387,29.266129032258064,25.74290322580645,82.80967741935484,140.17000000000002
Lampung Selatan,2020,11,17.349333333333334,27.643666666666665,29.804666666666666,25.988333333333333,81.65799999999999,140.37
Lampung Selatan,2020,12,17.049677419354836,26.830645161290324,28.86967741935484,25.261290322580646,84.34548387096774,295.04
Lampung Selatan,2021,1,15.440967741935484,26.64483870967742,28.544516129032257,25.05483870967742,85.73387096774194,356.94
Lampung Selatan,2021,2,17.595357142857143,26.737142857142857,28.650357142857143,25.15285714285714,87.35285714285715,422.17
Lampung Selatan,2021,3,19.870645161290323,27.026774193548388,28.794516129032257,25.47,83.63774193548387,247.25
Lampung Selatan,2021,4,18.813,27.31066666666667,29.136000000000003,25.772666666666666,83.16233333333334,208.96
Lampung Selatan,2021,5,16.618387096774192,27.893870967741936,29.629032258064516,26.567741935483873,83.82161290322581,116.27
Lampung Selatan,2021,6,15.077666666666666,27.258666666666667,28.866333333333333,25.952,83.48433333333334,96.72
Lampung Selatan,2021,7,16.823870967741936,27.15806451612903,29.25774193548387,25.48741935483871,80.14709677419354,55.1
Lampung Selatan,2021,8,17.232580645161292,27.359032258064516,29.56451612903226,25.77741935483871,80.30741935483871,109.96
Lampung Selatan,2021,9,17.979,27.346,29.52466666666667,25.634333333333334,81.136,163.38
Lampung Selatan,2021,10,19.53258064516129,27.767419354838708,30.024193548387096,26.015483870967742,80.12806451612903,161.08
Lampung Selatan,2021,11,17.31066666666667,27.090666666666667,28.948333333333334,25.625,84.36533333333334,300.26
Lampung Selatan,2021,12,17.98193548387097,27.21225806451613,29.169354838709676,25.586451612903225,83.42129032258065,331.47
Lampung Selatan,2022,1,18.811612903225804,26.889032258064514,28.54548387096774,25.46677419354839,85.36516129032259,307.2
Lampung Selatan,2022,2,18.75392857142857,26.98,28.962500000000002,25.276785714285715,83.19857142857143,253.07
Lampung Selatan,2022,3,18.822903225806453,27.39516129032258,29.256451612903227,25.816451612903226,83.80354838709677,162.42
Lampung Selatan,2022,4,19.051666666666666,27.411333333333335,29.270666666666667,25.933,83.48033333333333,209.96
Lampung Selatan,2022,5,15.711612903225806,27.58451612903226,29.187096774193545,26.241290322580646,83.8916129032258,240.09
Lampung Selatan,2022,6,14.861333333333334,26.899,28.483999999999998,25.620333333333335,83.743,124.77
Lampung Selatan,2022,7,15.80774193548387,27.153225806451612,28.916451612903224,25.767419354838708,82.74935483870968,87.33
Lampung Selatan,2022,8,17.654193548387095,27.14516129032258,28.90064516129032,25.720967741935485,82.68806451612903,125.39
Lampung Selatan,2022,9,18.262999999999998,27.023666666666667,28.968666666666664,25.453333333333333,83.04166666666667,96.79
Lampung Selatan,2022,10,17.760322580645163,26.851612903225806,28.635483870967743,25.44451612903226,84.77064516129032,192.17
Lampung Selatan,2022,11,18.529333333333334,26.956,28.993333333333332,25.404666666666667,84.71933333333332,151.98
Lampung Selatan,2022,12,16.406774193548387,26.90225806451613,29.03258064516129,25.20806451612903,83.71354838709676,232.61
Lampung Selatan,2023,1,18.219032258064516,26.63967741935484,28.635806451612904,25.04774193548387,85.43129032258064,273.48
Lampung Selatan,2023,2,16.90607142857143,26.665714285714284,28.626785714285713,24.933214285714286,84.69928571428571,346.8
Lampung Selatan,2023,3,19.338709677419356,27.056451612903224,29.03258064516129,25.36967741935484,84.12193548387097,270.06
Lampung Selatan,2023,4,20.0,27.456,29.358666666666668,25.918333333333333,83.86533333333334,111.42
Lampung Selatan,2023,5,17.43548387096774,28.143870967741936,29.838064516129034,26.766774193548386,82.25193548387097,141.63
Lampung Selatan,2023,6,15.589666666666666,27.65266666666667,29.36466666666667,26.25766666666667,82.99566666666666,133.94
Lampung Selatan,2023,7,15.858064516129032,27.19741935483871,29.030645161290323,25.72483870967742,82.22129032258064,181.85999999999999
Lampung Selatan,2023,8,19.356451612903225,27.14032258064516,29.669032258064515,25.167096774193546,79.27548387096775,49.65
Lampung Selatan,2023,9,22.101999999999997,27.944333333333336,31.729,25.103666666666665,72.35866666666666,3.55
Lampung Selatan,2023,10,22.809354838709677,29.61741935483871,33.589354838709674,26.56,67.78999999999999,12.93
Lampung Selatan,2023,11,18.096,29.063333333333333,32.291666666666664,26.714,76.22233333333334,128.55
Lampung Selatan,2023,12,18.908709677419353,28.425161290322578,31.470645161290324,26.203548387096774,77.55645161290323,119.14
Lampung Selatan,2024,1,17.054193548387094,27.686451612903223,29.774193548387096,26.017096774193547,84.46870967741935,330.95
Lampung Selatan,2024,2,18.734137931034482,27.808275862068967,29.705172413793104,26.185172413793104,84.01620689655172,278.03
Lampung Selatan,2024,3,18.561612903225804,27.998709677419356,30.090645161290322,26.333548387096776,84.41451612903225,306.23
Lampung Selatan,2024,4,16.710333333333335,28.691333333333333,30.530666666666665,27.157333333333334,82.96233333333333,246.27
Lampung Selatan,2024,5,16.106129032258064,28.66,30.465806451612906,27.248387096774195,82.90677419354839,154.95
Lampung Selatan,2024,6,15.209,28.147666666666666,29.891666666666666,26.717333333333332,81.74666666666667,141.21
Lampung Selatan,2024,7,17.488387096774193,27.39032258064516,29.42516129032258,25.787419354838708,80.01967741935485,116.5
Lampung Selatan,2024,8,19.11032258064516,27.723225806451612,30.509354838709676,25.589032258064517,77.43387096774192,46.82
Lampung Selatan,2024,9,20.28166666666667,28.444,31.840333333333334,25.933,74.382,70.6
Lampung Selatan,2024,10,22.120645161290323,29.066451612903226,32.62967741935484,26.470000000000002,73.28064516129032,58.43
Lampung Selatan,2024,11,17.488333333333333,28.194000000000003,30.528666666666666,26.483666666666668,80.80566666666667,243.12
Lampung Selatan,2024,12,15.973225806451614,27.66774193548387,29.868387096774192,25.89290322580645,83.76677419354839,269.91
Lampung Tengah,2018,1,17.816774193548387,25.62677419354839,29.602903225806454,22.419677419354837,85.6083870967742,162.5
Lampung Tengah,2018,2,16.846071428571427,25.628214285714286,28.937857142857144,22.923214285714288,88.79357142857143,386.16
Lampung Tengah,2018,3,19.11258064516129,25.688064516129035,29.058709677419355,23.065483870967743,88.57483870967742,385.61
Lampung Tengah,2018,4,17.163,26.279333333333334,29.749333333333333,23.537666666666667,88.14733333333334,205.17
Lampung Tengah,2018,5,15.543870967741936,26.168064516129032,29.791935483870965,23.409032258064514,88.74870967741936,134.0
Lampung Tengah,2018,6,14.603,25.675666666666665,29.14966666666667,23.069333333333336,89.13366666666667,114.81
Lampung Tengah,2018,7,18.033548387096772,25.14548387096774,29.69967741935484,21.671290322580642,84.41870967741936,11.82
Lampung Tengah,2018,8,17.379677419354838,26.337741935483873,31.99451612903226,22.39741935483871,76.12516129032258,35.82
Lampung Tengah,2018,9,19.387,27.116,33.371,22.388333333333332,72.02366666666667,40.660000000000004
Lampung Tengah,2018,10,19.32903225806452,28.173870967741934,34.25741935483871,23.660645161290322,71.70935483870967,67.69
Lampung Tengah,2018,11,17.786,27.139333333333333,31.814333333333334,23.836000000000002,80.20333333333333,160.09
Lampung Tengah,2018,12,17.562903225806455,26.620322580645162,30.980967741935483,23.43516129032258,81.57483870967742,113.27
Lampung Tengah,2019,1,18.001290322580644,26.393870967741936,30.27064516129032,23.39258064516129,85.98483870967742,313.27
Lampung Tengah,2019,2,18.365000000000002,26.24142857142857,29.952142857142857,23.349999999999998,87.72785714285715,299.79
Lampung Tengah,2019,3,18.27806451612903,26.105483870967742,29.668709677419354,23.151290322580646,87.29870967741937,328.5
Lampung Tengah,2019,4,16.603666666666665,26.625999999999998,30.200666666666667,23.84766666666667,88.09066666666668,314.43
Lampung Tengah,2019,5,16.725161290322582,26.365161290322582,29.923870967741934,23.619032258064518,88.6783870967742,66.51
Lampung Tengah,2019,6,15.721,25.738,29.667666666666666,22.810666666666666,87.96166666666666,52.29
Lampung Tengah,2019,7,17.46709677419355,25.553870967741933,30.32225806451613,21.95451612903226,83.5516129032258,67.77
Lampung Tengah,2019,8,18.23225806451613,26.853225806451615,33.43,22.085806451612903,71.37838709677419,1.15
Lampung Tengah,2019,9,20.199666666666666,28.330333333333332,35.81433333333334,22.552666666666667,62.89266666666666,4.2299999999999995
Lampung Tengah,2019,10,20.906451612903226,28.971290322580646,36.34548387096774,23.40838709677419,63.604193548387094,49.64
Lampung Tengah,2019,11,19.722666666666665,29.30666666666667,36.13733333333333,24.146666666666665,63.961,50.97
Lampung Tengah,2019,12,17.260967741935485,28.123870967741937,33.4441935483871,24.171290322580642,75.61032258064516,266.77
Lampung Tengah,2020,1,17.18903225806452,26.34741935483871,29.85,23.638387096774192,88.78967741935485,446.99
Lampung Tengah,2020,2,16.810689655172414,26.17413793103448,29.46344827586207,23.52896551724138,89.17758620689655,184.77
Lampung Tengah,2020,3,17.3141935483871,26.426451612903225,29.494193548387095,23.90064516129032,88.98096774193547,360.77
Lampung Tengah,2020,4,17.196666666666665,26.600666666666665,29.903000000000002,24.009999999999998,88.83233333333332,270.59
Lampung Tengah,2020,5,15.628064516129033,26.552258064516128,29.789032258064516,24.19516129032258,89.84032258064516,180.06
Lampung Tengah,2020,6,14.604333333333333,25.783,29.090666666666667,23.311666666666667,89.97633333333333,296.07
Lampung Tengah,2020,7,15.359354838709677,25.315483870967743,28.87,22.67774193548387,89.3683870967742,141.1
Lampung Tengah,2020,8,18.53258064516129,25.530322580645162,29.600322580645162,22.39032258064516,88.17354838709677,124.42
Lampung Tengah,2020,9,17.874333333333333,25.916666666666668,30.220000000000002,22.658,86.09666666666666,97.57
Lampung Tengah,2020,10,16.513548387096776,26.082903225806454,30.118709677419353,23.158709677419353,85.72709677419354,119.2
Lampung Tengah,2020,11,17.229666666666667,26.594333333333335,31.031333333333333,23.314,83.15599999999999,125.93
Lampung Tengah,2020,12,17.047096774193548,25.83258064516129,29.587419354838712,22.764193548387095,85.37516129032258,285.0
Lampung Tengah,2021,1,15.02516129032258,25.414193548387097,28.575806451612905,22.840967741935486,89.41258064516128,319.5
Lampung Tengah,2021,2,17.366071428571427,25.59142857142857,28.826071428571428,23.062142857142856,90.02785714285714,269.94
Lampung Tengah,2021,3,19.336451612903225,25.643548387096775,28.970000000000002,22.84903225806452,88.53193548387097,166.76
Lampung Tengah,2021,4,17.066666666666666,25.944333333333336,29.472666666666665,23.173,88.20266666666666,233.07
Lampung Tengah,2021,5,15.928709677419356,26.463870967741936,29.98483870967742,23.824193548387097,89.0283870967742,85.36
Lampung Tengah,2021,6,15.157666666666668,25.679666666666666,29.139,22.970666666666666,88.55766666666666,76.74000000000001
Lampung Tengah,2021,7,16.16032258064516,25.519354838709678,29.856129032258064,22.176451612903225,85.0232258064516,51.269999999999996
Lampung Tengah,2021,8,15.307419354838709,26.321290322580648,31.086129032258064,22.903548387096773,81.90129032258065,114.67999999999999
Lampung Tengah,2021,9,17.91166666666667,26.212333333333333,30.73033333333333,22.89966666666667,84.09833333333333,154.78
Lampung Tengah,2021,10,18.756774193548388,26.804193548387094,31.33516129032258,23.45193548387097,81.92709677419356,129.84
Lampung Tengah,2021,11,17.11466666666667,25.924333333333333,29.378666666666668,23.223000000000003,87.291,358.77
Lampung Tengah,2021,12,16.876451612903224,25.99290322580645,29.363225806451613,23.373870967741937,87.46387096774194,259.39
Lampung Tengah,2022,1,17.88064516129032,25.67064516129032,28.741612903225807,23.199677419354842,89.44870967741934,315.24
Lampung Tengah,2022,2,18.679285714285715,25.643571428571427,29.18285714285714,22.736071428571428,87.62750000000001,194.45
Lampung Tengah,2022,3,18.569032258064517,26.24225806451613,29.852903225806454,23.31645161290323,86.19096774193548,124.38
Lampung Tengah,2022,4,18.03166666666667,26.148666666666667,29.73966666666667,23.273000000000003,86.98266666666667,183.79000000000002
Lampung Tengah,2022,5,15.10741935483871,26.176129032258064,29.443548387096776,23.601935483870967,89.18548387096774,195.28
Lampung Tengah,2022,6,13.371333333333332,25.316666666666666,28.663333333333334,22.788999999999998,89.595,124.91
Lampung Tengah,2022,7,14.985483870967743,25.562580645161294,29.227096774193548,22.74806451612903,88.65709677419355,78.01
Lampung Tengah,2022,8,16.137096774193548,25.72774193548387,29.49451612903226,22.93548387096774,87.90096774193547,139.61
Lampung Tengah,2022,9,16.323,25.791,29.821666666666665,22.802333333333333,85.85799999999999,78.84
Lampung Tengah,2022,10,16.639032258064514,25.848064516129032,29.67064516129032,23.06709677419355,86.5125806451613,182.17
Lampung Tengah,2022,11,16.637666666666668,26.151,30.108999999999998,23.071,85.17466666666668,125.92
Lampung Tengah,2022,12,16.200645161290325,25.84,29.67967741935484,22.71225806451613,85.7567741935484,225.79
Lampung Tengah,2023,1,17.640967741935484,25.51290322580645,29.01516129032258,22.679354838709678,88.00741935483872,334.62
Lampung Tengah,2023,2,16.830000000000002,25.450714285714287,28.807142857142857,22.597857142857144,87.88,168.63
Lampung Tengah,2023,3,17.950322580645164,25.87,29.267096774193547,23.1658064516129,88.51225806451613,292.71
Lampung Tengah,2023,4,18.066666666666666,26.303,29.998,23.303,87.22133333333333,114.94999999999999
Lampung Tengah,2023,5,16.016774193548386,26.668064516129032,30.169999999999998,24.044838709677418,88.48,155.94
Lampung Tengah,2023,6,14.760666666666667,26.088,29.566333333333333,23.388333333333332,89.26066666666667,127.81
Lampung Tengah,2023,7,14.794193548387097,25.807741935483868,29.46741935483871,23.135161290322582,88.22838709677418,191.52
Lampung Tengah,2023,8,17.41,25.87516129032258,30.629354838709677,22.36225806451613,84.7158064516129,60.52
Lampung Tengah,2023,9,19.87933333333333,27.395666666666667,34.12,22.358666666666668,72.066,4.3
Lampung Tengah,2023,10,20.799677419354836,29.67774193548387,36.81516129032258,24.23,63.11290322580645,5.85
Lampung Tengah,2023,11,16.649333333333335,29.044666666666668,34.69533333333333,24.931333333333335,72.16733333333333,99.2
Lampung Tengah,2023,12,16.843870967741935,28.03322580645161,33.22129032258064,24.312580645161294,77.1783870967742,184.12
Lampung Tengah,2024,1,16.40032258064516,26.725806451612904,30.42806451612903,23.845161290322583,86.41354838709677,239.81
Lampung Tengah,2024,2,17.412413793103447,26.697241379310345,30.12448275862069,24.05103448275862,88.17103448275863,242.89
Lampung Tengah,2024,3,17.743870967741934,26.955161290322582,30.63225806451613,23.958387096774196,87.23548387096774,299.58
Lampung Tengah,2024,4,15.331999999999999,27.327333333333332,30.799333333333333,24.564666666666668,88.41366666666666,258.16
Lampung Tengah,2024,5,14.949354838709677,27.122258064516128,30.658709677419353,24.464193548387097,89.43806451612903,165.66
Lampung Tengah,2024,6,14.117333333333333,26.565,29.991333333333333,23.834999999999997,88.02833333333334,119.89
Lampung Tengah,2024,7,16.413225806451614,25.794516129032257,30.035806451612903,22.654516129032256,85.97290322580645,30.7
Lampung Tengah,2024,8,17.538387096774194,26.970645161290324,32.498709677419356,22.826129032258066,78.77032258064517,35.43
Lampung Tengah,2024,9,18.232333333333333,28.208333333333332,34.410999999999994,23.711333333333336,71.703,68.74
Lampung Tengah,2024,10,19.503548387096775,28.826129032258066,35.18741935483871,24.162580645161288,69.64354838709677,68.47
Lampung Tengah,2024,11,15.322333333333335,27.29866666666667,31.711000000000002,24.034,82.096,265.13
Lampung Tengah,2024,12,14.943225806451613,26.546774193548387,30.398387096774194,23.459032258064518,85.19354838709677,232.13
Lampung Timur,2018,1,17.429032258064513,26.465806451612906,29.65741935483871,23.76516129032258,84.45870967741935,163.21
Lampung Timur,2018,2,18.649285714285714,26.345,28.91857142857143,24.138214285714287,87.48642857142856,421.06
Lampung Timur,2018,3,19.30032258064516,26.626129032258063,29.200967741935486,24.406129032258065,86.02032258064517,374.33
Lampung Timur,2018,4,18.052666666666667,27.355,29.923333333333336,25.345000000000002,84.76833333333335,218.1
Lampung Timur,2018,5,17.52032258064516,27.36225806451613,29.89483870967742,25.488387096774193,85.50225806451614,123.12
Lampung Timur,2018,6,16.109333333333332,26.862666666666666,29.424666666666667,24.955666666666666,85.20566666666667,109.86
Lampung Timur,2018,7,18.72483870967742,26.200967741935486,29.60225806451613,23.556451612903224,81.21548387096773,8.9
Lampung Timur,2018,8,18.653225806451612,26.88806451612903,30.898064516129033,24.001935483870966,76.68612903225807,28.36
Lampung Timur,2018,9,19.889,27.640333333333334,32.282666666666664,24.159333333333333,72.76233333333333,43.79
Lampung Timur,2018,10,19.84967741935484,28.67064516129032,33.042258064516126,25.357096774193547,71.87387096774194,74.35
Lampung Timur,2018,11,18.252666666666666,27.779333333333334,31.127333333333336,25.314,79.78999999999999,160.7
Lampung Timur,2018,12,17.448064516129033,27.23225806451613,30.468064516129033,24.719677419354838,81.4858064516129,130.24
Lampung Timur,2019,1,19.00548387096774,27.010645161290324,29.962580645161292,24.575483870967744,85.2074193548387,325.41
Lampung Timur,2019,2,19.937857142857144,27.104285714285712,29.782857142857143,24.8875,85.30892857142858,288.05
Lampung Timur,2019,3,18.656774193548387,26.97935483870968,29.623870967741937,24.637096774193548,85.05483870967741,325.85
Lampung Timur,2019,4,18.971999999999998,27.66433333333333,30.306,25.462333333333333,84.92333333333333,289.9
Lampung Timur,2019,5,17.94709677419355,27.500967741935483,30.009354838709676,25.592903225806452,85.6658064516129,80.92999999999999
Lampung Timur,2019,6,16.682333333333336,26.976999999999997,29.772,24.916999999999998,83.74499999999999,47.41
Lampung Timur,2019,7,18.4,26.568387096774195,29.967741935483872,24.11935483870968,81.05225806451612,56.59
Lampung Timur,2019,8,19.77032258064516,27.118387096774192,31.804516129032255,23.674838709677417,73.76483870967742,3.2600000000000002
Lampung Timur,2019,9,21.050666666666665,28.227666666666668,33.593666666666664,24.257,67.91466666666666,4.02
Lampung Timur,2019,10,22.033870967741933,29.070645161290326,34.604193548387094,24.918387096774193,67.06516129032258,45.349999999999994
Lampung Timur,2019,11,21.201999999999998,29.491333333333333,34.87233333333334,25.54866666666667,66.76,55.400000000000006
Lampung Timur,2019,12,18.830967741935485,28.656774193548387,32.72774193548387,25.476774193548387,75.62612903225806,265.54
Lampung Timur,2020,1,18.786129032258064,27.09741935483871,29.899677419354838,24.809354838709677,87.00354838709679,448.78
Lampung Timur,2020,2,18.09,26.95344827586207,29.431724137931035,24.78793103448276,87.71724137931035,263.79
Lampung Timur,2020,3,18.121935483870967,27.319032258064517,29.700322580645164,25.246129032258064,86.35677419354839,343.32
Lampung Timur,2020,4,18.657333333333334,27.546,29.896666666666665,25.569000000000003,85.39933333333333,264.55
Lampung Timur,2020,5,16.216129032258063,27.53451612903226,29.781612903225806,25.809354838709677,87.08064516129032,179.54
Lampung Timur,2020,6,16.039333333333335,26.954333333333334,29.38566666666667,25.168333333333333,86.394,240.71
Lampung Timur,2020,7,16.695483870967742,26.47,29.023548387096774,24.539677419354838,86.04290322580646,129.37
Lampung Timur,2020,8,19.634516129032257,26.580967741935485,29.44193548387097,24.39516129032258,85.12193548387097,110.21000000000001
Lampung Timur,2020,9,18.83966666666667,26.937666666666665,30.022,24.49233333333333,83.26266666666668,104.45
Lampung Timur,2020,10,17.818064516129034,26.995483870967742,29.899677419354838,24.748387096774195,83.92032258064516,127.63
Lampung Timur,2020,11,17.349333333333334,27.329666666666665,30.418666666666663,24.916,82.70466666666667,125.05
Lampung Timur,2020,12,17.049677419354836,26.470645161290324,29.158709677419353,24.198387096774194,85.57483870967742,276.07
Lampung Timur,2021,1,15.440967741935484,26.100645161290323,28.56032258064516,24.04774193548387,88.47806451612904,325.63
Lampung Timur,2021,2,17.595357142857143,26.271071428571428,28.721785714285716,24.212500000000002,89.47214285714287,327.99
Lampung Timur,2021,3,19.870645161290323,26.484193548387097,28.979032258064517,24.286774193548386,86.29741935483871,213.77
Lampung Timur,2021,4,18.813,26.927000000000003,29.554333333333332,24.757,85.21000000000001,227.32
Lampung Timur,2021,5,16.618387096774192,27.49483870967742,30.010967741935485,25.609032258064516,85.93193548387096,95.12
Lampung Timur,2021,6,15.077666666666666,26.779,29.269,24.799333333333333,85.729,83.07
Lampung Timur,2021,7,16.823870967741936,26.563548387096777,29.63,24.215806451612906,83.05612903225806,54.96
Lampung Timur,2021,8,17.232580645161292,26.978064516129034,30.124193548387098,24.768709677419356,81.90935483870967,105.14
Lampung Timur,2021,9,17.979,26.983333333333334,30.070333333333334,24.645333333333333,82.91000000000001,153.62
Lampung Timur,2021,10,19.53258064516129,27.590967741935486,30.819032258064517,25.056129032258063,80.61032258064516,135.49
Lampung Timur,2021,11,17.31066666666667,26.757333333333335,29.35033333333333,24.578666666666667,85.39833333333333,312.79
Lampung Timur,2021,12,17.98193548387097,26.758064516129032,29.23774193548387,24.575806451612905,85.95354838709677,329.32
Lampung Timur,2022,1,18.811612903225804,26.399032258064516,28.70741935483871,24.376451612903224,87.89935483870968,311.57
Lampung Timur,2022,2,18.75392857142857,26.493214285714284,29.21,24.096785714285716,85.3442857142857,221.79
Lampung Timur,2022,3,18.822903225806453,27.05322580645161,29.740645161290324,24.759032258064515,85.22258064516129,138.57999999999998
Lampung Timur,2022,4,19.051666666666666,27.069666666666667,29.795,24.828,85.08466666666666,164.71
Lampung Timur,2022,5,15.711612903225806,27.162580645161288,29.568387096774195,25.159354838709678,86.01483870967742,195.62
Lampung Timur,2022,6,14.861333333333334,26.389,28.804666666666666,24.523666666666667,86.42666666666668,120.33999999999999
Lampung Timur,2022,7,15.80774193548387,26.616451612903226,29.193548387096776,24.68548387096774,85.72774193548386,80.85
Lampung Timur,2022,8,17.654193548387095,26.70483870967742,29.32709677419355,24.72225806451613,85.25354838709679,128.88
Lampung Timur,2022,9,18.262999999999998,26.603333333333335,29.458333333333332,24.301333333333332,84.44800000000001,94.48
Lampung Timur,2022,10,17.760322580645163,26.587419354838712,29.259032258064515,24.448064516129033,85.52354838709678,180.7
Lampung Timur,2022,11,18.529333333333334,26.796,29.703,24.430333333333333,84.921,135.9
Lampung Timur,2022,12,16.406774193548387,26.489032258064515,29.291935483870965,24.138709677419353,85.78322580645163,235.0
Lampung Timur,2023,1,18.219032258064516,26.21225806451613,28.924193548387095,23.969032258064516,87.21645161290323,308.03
Lampung Timur,2023,2,16.90607142857143,26.163928571428574,28.6925,23.869642857142857,87.14428571428572,246.44
Lampung Timur,2023,3,19.338709677419356,26.629354838709677,29.25032258064516,24.31967741935484,86.31290322580645,302.34
Lampung Timur,2023,4,20.0,27.097666666666665,29.852666666666668,24.83833333333333,85.71566666666666,121.21
Lampung Timur,2023,5,17.43548387096774,27.753548387096775,30.259354838709676,25.81096774193548,85.03354838709677,141.41
Lampung Timur,2023,6,15.589666666666666,27.195666666666668,29.740666666666666,25.244333333333334,85.73366666666666,125.63
Lampung Timur,2023,7,15.858064516129032,26.835483870967742,29.469677419354838,24.850645161290323,84.9558064516129,181.02
Lampung Timur,2023,8,19.356451612903225,26.753225806451614,30.176451612903225,24.18516129032258,82.59548387096774,53.57
Lampung Timur,2023,9,22.101999999999997,27.73033333333333,32.53766666666667,24.102666666666668,74.02733333333335,3.8400000000000003
Lampung Timur,2023,10,22.809354838709677,29.831935483870968,35.17193548387097,25.85967741935484,66.0658064516129,8.17
Lampung Timur,2023,11,18.096,29.410333333333334,33.688,26.237333333333332,73.598,115.47
Lampung Timur,2023,12,18.908709677419353,28.736129032258066,32.88548387096775,25.596129032258066,76.0516129032258,149.28
Lampung Timur,2024,1,17.054193548387094,27.486451612903224,30.424838709677417,25.017419354838708,84.93290322580646,266.57
Lampung Timur,2024,2,18.734137931034482,27.443793103448275,29.994137931034484,25.301379310344828,86.32551724137932,277.96
Lampung Timur,2024,3,18.561612903225804,27.706451612903226,30.561290322580643,25.338064516129034,85.86967741935484,301.57
Lampung Timur,2024,4,16.710333333333335,28.359666666666666,30.916999999999998,26.21066666666667,84.73966666666666,243.83
Lampung Timur,2024,5,16.106129032258064,28.253548387096775,30.77,26.387096774193548,85.8941935483871,160.2
Lampung Timur,2024,6,15.209,27.63,30.154999999999998,25.629666666666665,84.873,122.1
Lampung Timur,2024,7,17.488387096774193,26.87677419354839,29.91483870967742,24.660645161290322,83.06387096774193,54.41
Lampung Timur,2024,8,19.11032258064516,27.483870967741936,31.32774193548387,24.607741935483872,79.3016129032258,37.71
Lampung Timur,2024,9,20.28166666666667,28.527,32.967333333333336,25.217666666666666,73.499,74.32000000000001
Lampung Timur,2024,10,22.120645161290323,29.200000000000003,33.99548387096774,25.65741935483871,71.52645161290323,64.65
Lampung Timur,2024,11,17.488333333333333,28.037666666666667,31.234666666666666,25.575333333333333,81.07333333333332,247.94
Lampung Timur,2024,12,15.973225806451614,27.267419354838708,30.153548387096773,24.840967741935486,84.84516129032258,259.73
Lampung Utara,2018,1,18.103870967741937,25.62677419354839,29.602903225806454,22.419677419354837,85.6083870967742,162.5
Lampung Utara,2018,2,17.825,25.628214285714286,28.937857142857144,22.923214285714288,88.79357142857143,386.16
Lampung Utara,2018,3,18.828709677419358,25.688064516129035,29.058709677419355,23.065483870967743,88.57483870967742,385.61
Lampung Utara,2018,4,18.699666666666666,26.279333333333334,29.749333333333333,23.537666666666667,88.14733333333334,205.17
Lampung Utara,2018,5,17.076129032258066,26.168064516129032,29.791935483870965,23.409032258064514,88.74870967741936,134.0
Lampung Utara,2018,6,15.843333333333334,25.675666666666665,29.14966666666667,23.069333333333336,89.13366666666667,114.81
Lampung Utara,2018,7,18.470967741935485,25.14548387096774,29.69967741935484,21.671290322580642,84.41870967741936,11.82
Lampung Utara,2018,8,17.703225806451613,26.337741935483873,31.99451612903226,22.39741935483871,76.12516129032258,35.82
Lampung Utara,2018,9,19.80933333333333,27.116,33.371,22.388333333333332,72.02366666666667,40.660000000000004
Lampung Utara,2018,10,19.184838709677418,28.173870967741934,34.25741935483871,23.660645161290322,71.70935483870967,67.69
Lampung Utara,2018,11,18.41166666666667,27.139333333333333,31.814333333333334,23.836000000000002,80.20333333333333,160.09
Lampung Utara,2018,12,18.42774193548387,26.620322580645162,30.980967741935483,23.43516129032258,81.57483870967742,113.27
Lampung Utara,2019,1,18.27548387096774,26.393870967741936,30.27064516129032,23.39258064516129,85.98483870967742,313.27
Lampung Utara,2019,2,18.88,26.24142857142857,29.952142857142857,23.349999999999998,87.72785714285715,299.79
Lampung Utara,2019,3,18.789354838709677,26.105483870967742,29.668709677419354,23.151290322580646,87.29870967741937,328.5
Lampung Utara,2019,4,18.870333333333335,26.625999999999998,30.200666666666667,23.84766666666667,88.09066666666668,314.43
Lampung Utara,2019,5,18.256451612903227,26.365161290322582,29.923870967741934,23.619032258064518,88.6783870967742,66.51
Lampung Utara,2019,6,16.633333333333333,25.738,29.667666666666666,22.810666666666666,87.96166666666666,52.29
Lampung Utara,2019,7,17.717741935483872,25.553870967741933,30.32225806451613,21.95451612903226,83.5516129032258,67.77
Lampung Utara,2019,8,18.969354838709677,26.853225806451615,33.43,22.085806451612903,71.37838709677419,1.15
Lampung Utara,2019,9,20.28166666666667,28.330333333333332,35.81433333333334,22.552666666666667,62.89266666666666,4.2299999999999995
Lampung Utara,2019,10,20.28322580645161,28.971290322580646,36.34548387096774,23.40838709677419,63.604193548387094,49.64
Lampung Utara,2019,11,20.626666666666665,29.30666666666667,36.13733333333333,24.146666666666665,63.961,50.97
Lampung Utara,2019,12,18.468709677419355,28.123870967741937,33.4441935483871,24.171290322580642,75.61032258064516,266.77
Lampung Utara,2020,1,16.960322580645162,26.34741935483871,29.85,23.638387096774192,88.78967741935485,446.99
Lampung Utara,2020,2,16.874827586206898,26.17413793103448,29.46344827586207,23.52896551724138,89.17758620689655,184.77
Lampung Utara,2020,3,18.136129032258065,26.426451612903225,29.494193548387095,23.90064516129032,88.98096774193547,360.77
Lampung Utara,2020,4,18.185666666666666,26.600666666666665,29.903000000000002,24.009999999999998,88.83233333333332,270.59
Lampung Utara,2020,5,16.851935483870967,26.552258064516128,29.789032258064516,24.19516129032258,89.84032258064516,180.06
Lampung Utara,2020,6,16.248666666666665,25.783,29.090666666666667,23.311666666666667,89.97633333333333,296.07
Lampung Utara,2020,7,16.524516129032257,25.315483870967743,28.87,22.67774193548387,89.3683870967742,141.1
Lampung Utara,2020,8,18.855483870967742,25.530322580645162,29.600322580645162,22.39032258064516,88.17354838709677,124.42
Lampung Utara,2020,9,18.113999999999997,25.916666666666668,30.220000000000002,22.658,86.09666666666666,97.57
Lampung Utara,2020,10,17.166774193548385,26.082903225806454,30.118709677419353,23.158709677419353,85.72709677419354,119.2
Lampung Utara,2020,11,17.85533333333333,26.594333333333335,31.031333333333333,23.314,83.15599999999999,125.93
Lampung Utara,2020,12,17.700322580645164,25.83258064516129,29.587419354838712,22.764193548387095,85.37516129032258,285.0
Lampung Utara,2021,1,15.560322580645161,25.414193548387097,28.575806451612905,22.840967741935486,89.41258064516128,319.5
Lampung Utara,2021,2,17.11857142857143,25.59142857142857,28.826071428571428,23.062142857142856,90.02785714285714,269.94
Lampung Utara,2021,3,19.404516129032256,25.643548387096775,28.970000000000002,22.84903225806452,88.53193548387097,166.76
Lampung Utara,2021,4,19.014666666666663,25.944333333333336,29.472666666666665,23.173,88.20266666666666,233.07
Lampung Utara,2021,5,17.56451612903226,26.463870967741936,29.98483870967742,23.824193548387097,89.0283870967742,85.36
Lampung Utara,2021,6,16.722333333333335,25.679666666666666,29.139,22.970666666666666,88.55766666666666,76.74000000000001
Lampung Utara,2021,7,17.464193548387097,25.519354838709678,29.856129032258064,22.176451612903225,85.0232258064516,51.269999999999996
Lampung Utara,2021,8,16.94516129032258,26.321290322580648,31.086129032258064,22.903548387096773,81.90129032258065,114.67999999999999
Lampung Utara,2021,9,18.220333333333333,26.212333333333333,30.73033333333333,22.89966666666667,84.09833333333333,154.78
Lampung Utara,2021,10,19.36935483870968,26.804193548387094,31.33516129032258,23.45193548387097,81.92709677419356,129.84
Lampung Utara,2021,11,18.471333333333334,25.924333333333333,29.378666666666668,23.223000000000003,87.291,358.77
Lampung Utara,2021,12,18.054516129032258,25.99290322580645,29.363225806451613,23.373870967741937,87.46387096774194,259.39
Lampung Utara,2022,1,18.279032258064515,25.67064516129032,28.741612903225807,23.199677419354842,89.44870967741934,315.24
Lampung Utara,2022,2,19.66,25.643571428571427,29.18285714285714,22.736071428571428,87.62750000000001,194.45
Lampung Utara,2022,3,19.179677419354835,26.24225806451613,29.852903225806454,23.31645161290323,86.19096774193548,124.38
Lampung Utara,2022,4,18.772666666666666,26.148666666666667,29.73966666666667,23.273000000000003,86.98266666666667,183.79000000000002
Lampung Utara,2022,5,16.66548387096774,26.176129032258064,29.443548387096776,23.601935483870967,89.18548387096774,195.28
Lampung Utara,2022,6,15.448333333333332,25.316666666666666,28.663333333333334,22.788999999999998,89.595,124.91
Lampung Utara,2022,7,15.169354838709678,25.562580645161294,29.227096774193548,22.74806451612903,88.65709677419355,78.01
Lampung Utara,2022,8,16.66548387096774,25.72774193548387,29.49451612903226,22.93548387096774,87.90096774193547,139.61
Lampung Utara,2022,9,16.831333333333333,25.791,29.821666666666665,22.802333333333333,85.85799999999999,78.84
Lampung Utara,2022,10,17.279032258064515,25.848064516129032,29.67064516129032,23.06709677419355,86.5125806451613,182.17
Lampung Utara,2022,11,17.67366666666667,26.151,30.108999999999998,23.071,85.17466666666668,125.92
Lampung Utara,2022,12,16.707741935483874,25.84,29.67967741935484,22.71225806451613,85.7567741935484,225.79
Lampung Utara,2023,1,17.873548387096776,25.51290322580645,29.01516129032258,22.679354838709678,88.00741935483872,334.62
Lampung Utara,2023,2,17.047857142857143,25.450714285714287,28.807142857142857,22.597857142857144,87.88,168.63
Lampung Utara,2023,3,17.42290322580645,25.87,29.267096774193547,23.1658064516129,88.51225806451613,292.71
Lampung Utara,2023,4,18.683333333333334,26.303,29.998,23.303,87.22133333333333,114.94999999999999
Lampung Utara,2023,5,17.781290322580645,26.668064516129032,30.169999999999998,24.044838709677418,88.48,155.94
Lampung Utara,2023,6,15.551333333333334,26.088,29.566333333333333,23.388333333333332,89.26066666666667,127.81
Lampung Utara,2023,7,15.204193548387096,25.807741935483868,29.46741935483871,23.135161290322582,88.22838709677418,191.52
Lampung Utara,2023,8,17.706774193548387,25.87516129032258,30.629354838709677,22.36225806451613,84.7158064516129,60.52
Lampung Utara,2023,9,19.680333333333333,27.395666666666667,34.12,22.358666666666668,72.066,4.3
Lampung Utara,2023,10,19.903548387096773,29.67774193548387,36.81516129032258,24.23,63.11290322580645,5.85
Lampung Utara,2023,11,17.672,29.044666666666668,34.69533333333333,24.931333333333335,72.16733333333333,99.2
Lampung Utara,2023,12,17.470967741935485,28.03322580645161,33.22129032258064,24.312580645161294,77.1783870967742,184.12
Lampung Utara,2024,1,17.06064516129032,26.725806451612904,30.42806451612903,23.845161290322583,86.41354838709677,239.81
Lampung Utara,2024,2,17.435172413793104,26.697241379310345,30.12448275862069,24.05103448275862,88.17103448275863,242.89
Lampung Utara,2024,3,17.908709677419353,26.955161290322582,30.63225806451613,23.958387096774196,87.23548387096774,299.58
Lampung Utara,2024,4,17.108,27.327333333333332,30.799333333333333,24.564666666666668,88.41366666666666,258.16
Lampung Utara,2024,5,16.18935483870968,27.122258064516128,30.658709677419353,24.464193548387097,89.43806451612903,165.66
Lampung Utara,2024,6,15.278333333333334,26.565,29.991333333333333,23.834999999999997,88.02833333333334,119.89
Lampung Utara,2024,7,17.884516129032257,25.794516129032257,30.035806451612903,22.654516129032256,85.97290322580645,30.7
Lampung Utara,2024,8,17.57225806451613,26.970645161290324,32.498709677419356,22.826129032258066,78.77032258064517,35.43
Lampung Utara,2024,9,18.127,28.208333333333332,34.410999999999994,23.711333333333336,71.703,68.74
Lampung Utara,2024,10,20.683225806451613,28.826129032258066,35.18741935483871,24.162580645161288,69.64354838709677,68.47
Lampung Utara,2024,11,17.272,27.29866666666667,31.711000000000002,24.034,82.096,265.13
Lampung Utara,2024,12,16.273870967741935,26.546774193548387,30.398387096774194,23.459032258064518,85.19354838709677,232.13
Mesuji,2018,1,17.313870967741938,26.141290322580645,28.956451612903226,23.747096774193547,86.60096774193549,158.81
Mesuji,2018,2,15.997142857142858,26.21,28.7175,24.10214285714286,88.56464285714286,278.39
Mesuji,2018,3,18.010645161290324,26.659032258064514,29.02774193548387,24.551935483870967,86.83483870967743,378.37
Mesuji,2018,4,17.208666666666666,27.427,29.940333333333335,25.441,85.20700000000001,186.58
Mesuji,2018,5,15.095483870967742,27.41741935483871,29.849032258064515,25.669677419354837,86.20709677419354,166.03
Mesuji,2018,6,14.744666666666667,26.78666666666667,29.18,24.941,86.93866666666666,126.86
Mesuji,2018,7,17.623225806451615,26.15741935483871,29.35741935483871,23.668064516129032,84.41,18.48
Mesuji,2018,8,17.970967741935485,26.206129032258065,29.36967741935484,23.86193548387097,83.85387096774193,60.88
Mesuji,2018,9,18.813,26.588,30.167333333333332,23.728333333333335,81.56433333333332,78.48
Mesuji,2018,10,17.749354838709678,27.61774193548387,31.154516129032256,24.856774193548386,80.12612903225806,113.46
Mesuji,2018,11,16.677,27.37066666666667,30.07,25.044,83.03466666666667,234.7
Mesuji,2018,12,17.006774193548388,26.982580645161292,29.733870967741936,24.58451612903226,83.9474193548387,201.65
Mesuji,2019,1,16.613548387096774,26.79,29.478064516129034,24.541290322580643,87.32741935483871,280.78
Mesuji,2019,2,16.468214285714286,27.01892857142857,29.59892857142857,24.87607142857143,86.78964285714287,307.26
Mesuji,2019,3,18.28322580645161,27.016129032258064,29.463870967741936,24.774193548387096,85.5383870967742,338.64
Mesuji,2019,4,15.881666666666666,27.609333333333332,30.029,25.447333333333333,85.598,305.16
Mesuji,2019,5,15.623548387096774,27.578064516129032,29.921612903225803,25.674516129032256,86.67709677419354,85.91
Mesuji,2019,6,15.087,27.128666666666668,29.828,25.157,85.51033333333334,82.38
Mesuji,2019,7,18.486129032258063,26.481290322580644,29.613548387096774,24.215806451612906,84.09225806451613,83.39
Mesuji,2019,8,18.61032258064516,26.23709677419355,29.843548387096774,23.5058064516129,82.3441935483871,4.85
Mesuji,2019,9,18.585666666666665,26.890666666666668,31.296666666666667,23.643666666666665,78.92699999999999,19.599999999999998
Mesuji,2019,10,18.695483870967742,28.06096774193548,33.02,24.50516129032258,74.73387096774194,50.81
Mesuji,2019,11,17.704666666666665,28.875999999999998,33.753,25.267666666666667,72.118,83.62
Mesuji,2019,12,15.584516129032258,27.848709677419354,31.239354838709676,25.056451612903224,81.41483870967743,339.31
Mesuji,2020,1,16.82193548387097,27.137096774193548,30.138387096774192,24.675161290322578,86.93483870967742,326.06
Mesuji,2020,2,16.814137931034484,27.09344827586207,29.875172413793102,24.804137931034486,87.20827586206896,196.81
Mesuji,2020,3,17.419999999999998,27.529032258064515,30.136129032258065,25.26516129032258,85.7183870967742,338.08
Mesuji,2020,4,16.43466666666667,27.49366666666667,29.685333333333332,25.630666666666666,85.74266666666666,289.12
Mesuji,2020,5,15.019677419354839,27.570645161290326,29.65774193548387,25.927096774193547,87.96193548387097,218.04
Mesuji,2020,6,15.304333333333334,26.986,29.316666666666666,25.267333333333333,86.97399999999999,265.12
Mesuji,2020,7,15.272258064516128,26.55258064516129,29.0258064516129,24.753870967741936,86.94870967741934,141.52
Mesuji,2020,8,18.686129032258062,26.668387096774193,29.49290322580645,24.462580645161292,85.72967741935483,85.56
Mesuji,2020,9,16.688666666666666,26.851333333333333,29.85533333333333,24.517666666666667,84.699,117.17999999999999
Mesuji,2020,10,15.915483870967742,26.95709677419355,29.75483870967742,24.666774193548385,84.92193548387097,231.63
Mesuji,2020,11,17.045666666666666,27.122666666666664,29.92233333333333,24.833000000000002,84.85833333333333,191.22
Mesuji,2020,12,15.514838709677418,26.471290322580646,28.79258064516129,24.389032258064514,87.02354838709678,272.93
Mesuji,2021,1,14.471935483870968,26.021935483870966,28.35290322580645,24.04290322580645,89.94258064516129,276.96
Mesuji,2021,2,16.94857142857143,26.2275,28.758928571428573,24.117142857142856,89.89285714285714,231.38
Mesuji,2021,3,18.137096774193548,26.638387096774192,29.088064516129034,24.475483870967743,86.59290322580645,203.84
Mesuji,2021,4,16.85,27.08833333333333,29.594333333333335,24.916999999999998,85.07333333333332,534.5699999999999
Mesuji,2021,5,15.458387096774194,27.573548387096775,29.924516129032256,25.761935483870968,86.39967741935483,111.96
Mesuji,2021,6,15.329,26.887333333333334,29.317,24.911,85.95866666666667,90.46
Mesuji,2021,7,16.48258064516129,26.44645161290323,29.271612903225805,24.240000000000002,85.40064516129033,77.05
Mesuji,2021,8,15.120322580645162,26.674838709677417,29.48,24.588387096774195,85.16483870967743,132.49
Mesuji,2021,9,18.334333333333333,26.775,29.661,24.562333333333335,85.401,172.35
Mesuji,2021,10,17.403548387096773,27.45193548387097,30.383870967741935,25.009354838709676,82.81967741935483,137.81
Mesuji,2021,11,16.628666666666668,26.79733333333333,29.187,24.636000000000003,85.15799999999999,330.37
Mesuji,2021,12,16.21483870967742,26.659032258064514,28.901612903225807,24.61967741935484,87.05645161290323,318.04
Mesuji,2022,1,16.21483870967742,26.337419354838712,28.63064516129032,24.258709677419354,88.88451612903226,334.4
Mesuji,2022,2,18.000714285714285,26.539285714285715,29.025000000000002,24.28464285714286,86.00678571428571,197.69
Mesuji,2022,3,18.119032258064518,27.093225806451613,29.4541935483871,24.95483870967742,85.48451612903226,180.76
Mesuji,2022,4,18.117666666666665,27.22533333333333,29.674666666666667,25.092666666666666,84.93166666666666,217.19
Mesuji,2022,5,15.635806451612904,27.27709677419355,29.550967741935484,25.279677419354837,86.47387096774193,191.76
Mesuji,2022,6,13.429,26.444,28.774,24.564666666666668,87.195,172.29
Mesuji,2022,7,14.511935483870968,26.620645161290323,29.09741935483871,24.68322580645161,87.19193548387096,94.79
Mesuji,2022,8,15.941290322580645,26.65806451612903,29.243548387096773,24.729032258064517,86.72,159.1
Mesuji,2022,9,15.214666666666666,26.50133333333333,29.273666666666667,24.186,85.30033333333333,147.04
Mesuji,2022,10,15.363870967741935,26.70193548387097,29.28258064516129,24.464193548387097,85.88967741935484,248.75
Mesuji,2022,11,15.492333333333333,26.909,29.291333333333334,24.708333333333332,85.179,174.42000000000002
Mesuji,2022,12,15.5,26.536129032258064,28.93322580645161,24.404838709677417,86.96612903225805,269.47
Mesuji,2023,1,16.16032258064516,26.151612903225807,28.44967741935484,24.174838709677417,88.35741935483871,306.9
Mesuji,2023,2,15.729285714285714,26.1825,28.555714285714288,24.162499999999998,89.20607142857143,208.05
Mesuji,2023,3,17.05322580645161,26.687096774193545,29.151290322580646,24.4741935483871,87.32677419354839,315.62
Mesuji,2023,4,17.322333333333333,27.337666666666667,29.791999999999998,25.137666666666668,85.70100000000001,183.74
Mesuji,2023,5,15.629032258064516,27.774838709677418,30.118709677419357,25.96677419354839,86.82935483870968,212.93
Mesuji,2023,6,14.705666666666668,27.262333333333334,29.804,25.34766666666667,87.00466666666667,140.64
Mesuji,2023,7,15.058387096774194,26.97741935483871,29.506774193548388,25.074838709677422,85.99741935483871,177.18
Mesuji,2023,8,17.80806451612903,26.81935483870968,29.955483870967743,24.529032258064515,85.02387096774193,51.46
Mesuji,2023,9,19.56566666666667,26.91466666666667,30.72533333333333,24.015666666666668,81.76299999999999,7.45
Mesuji,2023,10,19.000967741935483,28.174516129032256,32.45903225806452,25.036451612903225,78.12870967741935,27.35
Mesuji,2023,11,15.939666666666666,28.676333333333332,32.096333333333334,25.992,78.827,142.59
Mesuji,2023,12,15.41741935483871,28.13483870967742,31.2041935483871,25.53774193548387,82.05451612903227,205.92
Mesuji,2024,1,16.12709677419355,27.39483870967742,30.067419354838712,25.00548387096774,85.90225806451612,288.09000000000003
Mesuji,2024,2,16.14862068965517,27.50862068965517,30.076551724137932,25.33758620689655,87.3603448275862,322.46
Mesuji,2024,3,17.221290322580646,27.789032258064516,30.425483870967742,25.550967741935484,86.62225806451613,303.01
Mesuji,2024,4,15.176333333333334,28.45266666666667,30.915333333333333,26.366,85.13666666666667,267.4
Mesuji,2024,5,15.219354838709679,28.297096774193548,30.710967741935484,26.536451612903225,87.21354838709676,257.29
Mesuji,2024,6,14.586333333333334,27.616666666666667,29.997666666666664,25.719333333333335,86.24933333333334,139.19
Mesuji,2024,7,16.926451612903225,26.97225806451613,29.951290322580647,24.75032258064516,84.82096774193548,61.71
Mesuji,2024,8,17.74741935483871,27.15258064516129,30.43290322580645,24.728064516129034,84.07129032258065,25.150000000000002
Mesuji,2024,9,17.698,27.680333333333333,31.075,24.984333333333332,80.90766666666667,103.03
Mesuji,2024,10,19.031290322580645,28.168387096774193,31.789032258064516,25.18516129032258,79.25387096774193,98.61
Mesuji,2024,11,15.514999999999999,27.81566666666667,30.508666666666667,25.515333333333334,82.31533333333333,244.52
Mesuji,2024,12,14.464516129032257,27.18967741935484,29.886129032258065,24.90258064516129,85.90387096774194,274.95
Metro,2018,1,17.429032258064513,25.62677419354839,29.602903225806454,22.419677419354837,85.6083870967742,162.5
Metro,2018,2,18.649285714285714,25.628214285714286,28.937857142857144,22.923214285714288,88.79357142857143,386.16
Metro,2018,3,19.30032258064516,25.688064516129035,29.058709677419355,23.065483870967743,88.57483870967742,385.61
Metro,2018,4,18.052666666666667,26.279333333333334,29.749333333333333,23.537666666666667,88.14733333333334,205.17
Metro,2018,5,17.52032258064516,26.168064516129032,29.791935483870965,23.409032258064514,88.74870967741936,134.0
Metro,2018,6,16.109333333333332,25.675666666666665,29.14966666666667,23.069333333333336,89.13366666666667,114.81
Metro,2018,7,18.72483870967742,25.14548387096774,29.69967741935484,21.671290322580642,84.41870967741936,11.82
Metro,2018,8,18.653225806451612,26.337741935483873,31.99451612903226,22.39741935483871,76.12516129032258,35.82
Metro,2018,9,19.889,27.116,33.371,22.388333333333332,72.02366666666667,40.660000000000004
Metro,2018,10,19.84967741935484,28.173870967741934,34.25741935483871,23.660645161290322,71.70935483870967,67.69
Metro,2018,11,18.252666666666666,27.139333333333333,31.814333333333334,23.836000000000002,80.20333333333333,160.09
Metro,2018,12,17.448064516129033,26.620322580645162,30.980967741935483,23.43516129032258,81.57483870967742,113.27
Metro,2019,1,19.00548387096774,26.393870967741936,30.27064516129032,23.39258064516129,85.98483870967742,313.27
Metro,2019,2,19.937857142857144,26.24142857142857,29.952142857142857,23.349999999999998,87.72785714285715,299.79
Metro,2019,3,18.656774193548387,26.105483870967742,29.668709677419354,23.151290322580646,87.29870967741937,328.5
Metro,2019,4,18.971999999999998,26.625999999999998,30.200666666666667,23.84766666666667,88.09066666666668,314.43
Metro,2019,5,17.94709677419355,26.365161290322582,29.923870967741934,23.619032258064518,88.6783870967742,66.51
Metro,2019,6,16.682333333333336,25.738,29.667666666666666,22.810666666666666,87.96166666666666,52.29
Metro,2019,7,18.4,25.553870967741933,30.32225806451613,21.95451612903226,83.5516129032258,67.77
Metro,2019,8,19.77032258064516,26.853225806451615,33.43,22.085806451612903,71.37838709677419,1.15
Metro,2019,9,21.050666666666665,28.330333333333332,35.81433333333334,22.552666666666667,62.89266666666666,4.2299999999999995
Metro,2019,10,22.033870967741933,28.971290322580646,36.34548387096774,23.40838709677419,63.604193548387094,49.64
Metro,2019,11,21.201999999999998,29.30666666666667,36.13733333333333,24.146666666666665,63.961,50.97
Metro,2019,12,18.830967741935485,28.123870967741937,33.4441935483871,24.171290322580642,75.61032258064516,266.77
Metro,2020,1,18.786129032258064,26.34741935483871,29.85,23.638387096774192,88.78967741935485,446.99
Metro,2020,2,18.09,26.17413793103448,29.46344827586207,23.52896551724138,89.17758620689655,184.77
Metro,2020,3,18.121935483870967,26.426451612903225,29.494193548387095,23.90064516129032,88.98096774193547,360.77
Metro,2020,4,18.657333333333334,26.600666666666665,29.903000000000002,24.009999999999998,88.83233333333332,270.59
Metro,2020,5,16.216129032258063,26.552258064516128,29.789032258064516,24.19516129032258,89.84032258064516,180.06
Metro,2020,6,16.039333333333335,25.783,29.090666666666667,23.311666666666667,89.97633333333333,296.07
Metro,2020,7,16.695483870967742,25.315483870967743,28.87,22.67774193548387,89.3683870967742,141.1
Metro,2020,8,19.634516129032257,25.530322580645162,29.600322580645162,22.39032258064516,88.17354838709677,124.42
Metro,2020,9,18.83966666666667,25.916666666666668,30.220000000000002,22.658,86.09666666666666,97.57
Metro,2020,10,17.818064516129034,26.082903225806454,30.118709677419353,23.158709677419353,85.72709677419354,119.2
Metro,2020,11,17.349333333333334,26.594333333333335,31.031333333333333,23.314,83.15599999999999,125.93
Metro,2020,12,17.049677419354836,25.83258064516129,29.587419354838712,22.764193548387095,85.37516129032258,285.0
Metro,2021,1,15.440967741935484,25.414193548387097,28.575806451612905,22.840967741935486,89.41258064516128,319.5
Metro,2021,2,17.595357142857143,25.59142857142857,28.826071428571428,23.062142857142856,90.02785714285714,269.94
Metro,2021,3,19.870645161290323,25.643548387096775,28.970000000000002,22.84903225806452,88.53193548387097,166.76
Metro,2021,4,18.813,25.944333333333336,29.472666666666665,23.173,88.20266666666666,233.07
Metro,2021,5,16.618387096774192,26.463870967741936,29.98483870967742,23.824193548387097,89.0283870967742,85.36
Metro,2021,6,15.077666666666666,25.679666666666666,29.139,22.970666666666666,88.55766666666666,76.74000000000001
Metro,2021,7,16.823870967741936,25.519354838709678,29.856129032258064,22.176451612903225,85.0232258064516,51.269999999999996
Metro,2021,8,17.232580645161292,26.321290322580648,31.086129032258064,22.903548387096773,81.90129032258065,114.67999999999999
Metro,2021,9,17.979,26.212333333333333,30.73033333333333,22.89966666666667,84.09833333333333,154.78
Metro,2021,10,19.53258064516129,26.804193548387094,31.33516129032258,23.45193548387097,81.92709677419356,129.84
Metro,2021,11,17.31066666666667,25.924333333333333,29.378666666666668,23.223000000000003,87.291,358.77
Metro,2021,12,17.98193548387097,25.99290322580645,29.363225806451613,23.373870967741937,87.46387096774194,259.39
Metro,2022,1,18.811612903225804,25.67064516129032,28.741612903225807,23.199677419354842,89.44870967741934,315.24
Metro,2022,2,18.75392857142857,25.643571428571427,29.18285714285714,22.736071428571428,87.62750000000001,194.45
Metro,2022,3,18.822903225806453,26.24225806451613,29.852903225806454,23.31645161290323,86.19096774193548,124.38
Metro,2022,4,19.051666666666666,26.148666666666667,29.73966666666667,23.273000000000003,86.98266666666667,183.79000000000002
Metro,2022,5,15.711612903225806,26.176129032258064,29.443548387096776,23.601935483870967,89.18548387096774,195.28
Metro,2022,6,14.861333333333334,25.316666666666666,28.663333333333334,22.788999999999998,89.595,124.91
Metro,2022,7,15.80774193548387,25.562580645161294,29.227096774193548,22.74806451612903,88.65709677419355,78.01
Metro,2022,8,17.654193548387095,25.72774193548387,29.49451612903226,22.93548387096774,87.90096774193547,139.61
Metro,2022,9,18.262999999999998,25.791,29.821666666666665,22.802333333333333,85.85799999999999,78.84
Metro,2022,10,17.760322580645163,25.848064516129032,29.67064516129032,23.06709677419355,86.5125806451613,182.17
Metro,2022,11,18.529333333333334,26.151,30.108999999999998,23.071,85.17466666666668,125.92
Metro,2022,12,16.406774193548387,25.84,29.67967741935484,22.71225806451613,85.7567741935484,225.79
Metro,2023,1,18.219032258064516,25.51290322580645,29.01516129032258,22.679354838709678,88.00741935483872,334.62
Metro,2023,2,16.90607142857143,25.450714285714287,28.807142857142857,22.597857142857144,87.88,168.63
Metro,2023,3,19.338709677419356,25.87,29.267096774193547,23.1658064516129,88.51225806451613,292.71
Metro,2023,4,20.0,26.303,29.998,23.303,87.22133333333333,114.94999999999999
Metro,2023,5,17.43548387096774,26.668064516129032,30.169999999999998,24.044838709677418,88.48,155.94
Metro,2023,6,15.589666666666666,26.088,29.566333333333333,23.388333333333332,89.26066666666667,127.81
Metro,2023,7,15.858064516129032,25.807741935483868,29.46741935483871,23.135161290322582,88.22838709677418,191.52
Metro,2023,8,19.356451612903225,25.87516129032258,30.629354838709677,22.36225806451613,84.7158064516129,60.52
Metro,2023,9,22.101999999999997,27.395666666666667,34.12,22.358666666666668,72.066,4.3
Metro,2023,10,22.809354838709677,29.67774193548387,36.81516129032258,24.23,63.11290322580645,5.85
Metro,2023,11,18.096,29.044666666666668,34.69533333333333,24.931333333333335,72.16733333333333,99.2
Metro,2023,12,18.908709677419353,28.03322580645161,33.22129032258064,24.312580645161294,77.1783870967742,184.12
Metro,2024,1,17.054193548387094,26.725806451612904,30.42806451612903,23.845161290322583,86.41354838709677,239.81
Metro,2024,2,18.734137931034482,26.697241379310345,30.12448275862069,24.05103448275862,88.17103448275863,242.89
Metro,2024,3,18.561612903225804,26.955161290322582,30.63225806451613,23.958387096774196,87.23548387096774,299.58
Metro,2024,4,16.710333333333335,27.327333333333332,30.799333333333333,24.564666666666668,88.41366666666666,258.16
Metro,2024,5,16.106129032258064,27.122258064516128,30.658709677419353,24.464193548387097,89.43806451612903,165.66
Metro,2024,6,15.209,26.565,29.991333333333333,23.834999999999997,88.02833333333334,119.89
Metro,2024,7,17.488387096774193,25.794516129032257,30.035806451612903,22.654516129032256,85.97290322580645,30.7
Metro,2024,8,19.11032258064516,26.970645161290324,32.498709677419356,22.826129032258066,78.77032258064517,35.43
Metro,2024,9,20.28166666666667,28.208333333333332,34.410999999999994,23.711333333333336,71.703,68.74
Metro,2024,10,22.120645161290323,28.826129032258066,35.18741935483871,24.162580645161288,69.64354838709677,68.47
Metro,2024,11,17.488333333333333,27.29866666666667,31.711000000000002,24.034,82.096,265.13
Metro,2024,12,15.973225806451614,26.546774193548387,30.398387096774194,23.459032258064518,85.19354838709677,232.13
Pesawaran,2018,1,17.429032258064513,25.845483870967744,28.77806451612903,23.696129032258067,84.71483870967741,162.3
Pesawaran,2018,2,18.649285714285714,25.919285714285714,28.48107142857143,23.997857142857146,86.46285714285715,374.04
Pesawaran,2018,3,19.30032258064516,25.989354838709676,28.49225806451613,24.228064516129034,86.3225806451613,379.44
Pesawaran,2018,4,18.052666666666667,26.541333333333334,29.061666666666667,24.695,86.41933333333333,244.87
Pesawaran,2018,5,17.52032258064516,26.565806451612904,29.163870967741936,24.671935483870968,86.29516129032258,122.63
Pesawaran,2018,6,16.109333333333332,26.106333333333335,28.454333333333334,24.430666666666664,86.50266666666667,122.36
Pesawaran,2018,7,18.72483870967742,25.350645161290323,28.54,23.026129032258062,82.50225806451614,12.120000000000001
Pesawaran,2018,8,18.653225806451612,26.090645161290322,30.063548387096777,23.373548387096776,76.60032258064517,34.39
Pesawaran,2018,9,19.889,26.67866666666667,31.08966666666667,23.514333333333333,74.95,47.11
Pesawaran,2018,10,19.84967741935484,27.57903225806452,31.911935483870966,24.484516129032258,75.19225806451612,77.44
Pesawaran,2018,11,18.252666666666666,26.75,29.99866666666667,24.60533333333333,82.48966666666666,173.05
Pesawaran,2018,12,17.448064516129033,26.49967741935484,29.530322580645162,24.456129032258065,82.56806451612904,161.39000000000001
Pesawaran,2019,1,19.00548387096774,26.60258064516129,29.58258064516129,24.436129032258062,84.20677419354838,340.98
Pesawaran,2019,2,19.937857142857144,26.534285714285716,29.36285714285714,24.485000000000003,85.41571428571429,275.99
Pesawaran,2019,3,18.656774193548387,26.299999999999997,28.983225806451614,24.271612903225805,85.85096774193549,353.42
Pesawaran,2019,4,18.971999999999998,26.801333333333332,29.406,24.92,86.099,271.79
Pesawaran,2019,5,17.94709677419355,26.710967741935484,29.11,24.955161290322582,86.09612903225806,86.38
Pesawaran,2019,6,16.682333333333336,26.00433333333333,28.729666666666667,24.05933333333333,85.18833333333333,51.300000000000004
Pesawaran,2019,7,18.4,25.767419354838708,29.140967741935484,23.324838709677422,81.65064516129033,70.58
Pesawaran,2019,8,19.77032258064516,26.216129032258067,30.84161290322581,23.038709677419355,74.00161290322582,3.39
Pesawaran,2019,9,21.050666666666665,27.168,32.50633333333333,23.298000000000002,69.24233333333333,3.6
Pesawaran,2019,10,22.033870967741933,27.58967741935484,32.69064516129032,23.948064516129033,71.34516129032258,56.75
Pesawaran,2019,11,21.201999999999998,27.859333333333332,32.657000000000004,24.403666666666666,72.48366666666666,53.5
Pesawaran,2019,12,18.830967741935485,27.813870967741938,32.04548387096774,24.821290322580648,77.5058064516129,276.38
Pesawaran,2020,1,18.786129032258064,26.73548387096774,29.551935483870967,24.69677419354839,86.28709677419356,584.64
Pesawaran,2020,2,18.09,26.547931034482758,29.06793103448276,24.58103448275862,86.60586206896552,267.43
Pesawaran,2020,3,18.121935483870967,26.673548387096773,28.98032258064516,24.908709677419353,86.9858064516129,444.5
Pesawaran,2020,4,18.657333333333334,26.823333333333334,29.223333333333336,25.005999999999997,86.84466666666667,290.9
Pesawaran,2020,5,16.216129032258063,26.780645161290323,29.001290322580644,25.169677419354837,87.91161290322582,190.13
Pesawaran,2020,6,16.039333333333335,26.186666666666667,28.481333333333332,24.46966666666667,87.16900000000001,268.28000000000003
Pesawaran,2020,7,16.695483870967742,25.761290322580646,28.27741935483871,24.01322580645161,86.4341935483871,146.46
Pesawaran,2020,8,19.634516129032257,25.878387096774194,28.71709677419355,23.7758064516129,85.79516129032258,170.82
Pesawaran,2020,9,18.83966666666667,26.063333333333333,29.05666666666667,23.918,85.11866666666667,112.3
Pesawaran,2020,10,17.818064516129034,26.062903225806455,28.7758064516129,24.25032258064516,85.79548387096774,142.06
Pesawaran,2020,11,17.349333333333334,26.62066666666667,29.837666666666667,24.409666666666666,83.34933333333333,161.63
Pesawaran,2020,12,17.049677419354836,25.87741935483871,28.616451612903226,23.879677419354838,85.23516129032258,294.26
Pesawaran,2021,1,15.440967741935484,25.923548387096773,28.393225806451614,23.990645161290324,86.10870967741936,335.33
Pesawaran,2021,2,17.595357142857143,26.056428571428572,28.601428571428574,24.118214285714288,86.90714285714286,307.99
Pesawaran,2021,3,19.870645161290323,26.050967741935484,28.543870967741935,24.04548387096774,85.48612903225806,181.95
Pesawaran,2021,4,18.813,26.212,28.694333333333336,24.359666666666666,86.08033333333333,200.95
Pesawaran,2021,5,16.618387096774192,26.695483870967742,29.180967741935483,24.923870967741934,87.35806451612903,87.7
Pesawaran,2021,6,15.077666666666666,26.033333333333335,28.230666666666664,24.35666666666667,86.31400000000001,81.35
Pesawaran,2021,7,16.823870967741936,25.98193548387097,29.053870967741933,23.728387096774195,82.9141935483871,55.419999999999995
Pesawaran,2021,8,17.232580645161292,26.45774193548387,29.820322580645165,24.13,81.44290322580645,116.07
Pesawaran,2021,9,17.979,26.351999999999997,29.570666666666668,24.109333333333332,83.26566666666666,165.02
Pesawaran,2021,10,19.53258064516129,26.661935483870966,29.799354838709675,24.489354838709676,82.69677419354838,158.59
Pesawaran,2021,11,17.31066666666667,25.967,28.470333333333333,24.200333333333333,86.91266666666667,371.2
Pesawaran,2021,12,17.98193548387097,26.21677419354839,28.93322580645161,24.25483870967742,85.4541935483871,252.76999999999998
Pesawaran,2022,1,18.811612903225804,25.912580645161288,28.183548387096774,24.19193548387097,87.26774193548388,315.46
Pesawaran,2022,2,18.75392857142857,25.934642857142855,28.551071428571426,23.96392857142857,85.74785714285714,223.46
Pesawaran,2022,3,18.822903225806453,26.344838709677422,28.926774193548386,24.39548387096774,85.23967741935483,139.51
Pesawaran,2022,4,19.051666666666666,26.28166666666667,28.812,24.404333333333334,85.537,226.19
Pesawaran,2022,5,15.711612903225806,26.40516129032258,28.58516129032258,24.782258064516128,87.5232258064516,234.63
Pesawaran,2022,6,14.861333333333334,25.671666666666667,27.877,24.103,87.24666666666667,147.83
Pesawaran,2022,7,15.80774193548387,26.05322580645161,28.6,24.148387096774194,85.53999999999999,90.19
Pesawaran,2022,8,17.654193548387095,26.021290322580644,28.575806451612905,24.206451612903226,86.09645161290322,137.72
Pesawaran,2022,9,18.262999999999998,25.939,28.683333333333334,24.023666666666667,85.46333333333334,85.6
Pesawaran,2022,10,17.760322580645163,25.84,28.43032258064516,24.118709677419357,86.1716129032258,196.56
Pesawaran,2022,11,18.529333333333334,25.988333333333333,28.824,24.000666666666667,85.74033333333334,148.06
Pesawaran,2022,12,16.406774193548387,26.011935483870968,28.990645161290324,23.84,84.34161290322581,215.45
Pesawaran,2023,1,18.219032258064516,25.656129032258065,28.223225806451612,23.77774193548387,86.87612903225806,310.46
Pesawaran,2023,2,16.90607142857143,25.77035714285714,28.365357142857142,23.7375,85.84392857142858,205.37
Pesawaran,2023,3,19.338709677419356,26.08258064516129,28.70193548387097,24.136129032258065,86.69516129032259,261.28000000000003
Pesawaran,2023,4,20.0,26.291666666666668,28.871,24.370333333333335,86.47133333333333,107.05
Pesawaran,2023,5,17.43548387096774,26.858709677419355,29.254193548387097,25.17096774193548,86.31258064516129,142.91
Pesawaran,2023,6,15.589666666666666,26.41166666666667,28.785,24.688666666666666,86.80099999999999,146.37
Pesawaran,2023,7,15.858064516129032,25.973870967741938,28.513870967741934,24.22225806451613,86.22258064516129,220.47
Pesawaran,2023,8,19.356451612903225,25.956129032258065,29.397096774193546,23.546774193548387,82.88741935483871,58.22
Pesawaran,2023,9,22.101999999999997,26.80666666666667,31.635666666666665,23.393666666666668,74.11933333333333,4.06
Pesawaran,2023,10,22.809354838709677,28.433870967741935,33.567096774193544,24.701612903225808,70.33741935483872,7.43
Pesawaran,2023,11,18.096,28.031000000000002,32.16566666666667,25.266333333333332,77.43433333333334,110.10000000000001
Pesawaran,2023,12,18.908709677419353,27.340967741935486,31.270967741935483,24.74225806451613,79.33225806451614,151.22
Pesawaran,2024,1,17.054193548387094,26.727096774193548,29.48225806451613,24.794193548387096,86.16451612903225,280.13
Pesawaran,2024,2,18.734137931034482,26.861379310344827,29.466206896551725,24.95310344827586,86.23724137931035,235.5
Pesawaran,2024,3,18.561612903225804,26.996129032258064,29.68935483870968,25.026451612903223,86.47612903225807,320.1
Pesawaran,2024,4,16.710333333333335,27.38,29.851,25.561666666666667,87.72833333333332,256.03000000000003
Pesawaran,2024,5,16.106129032258064,27.37516129032258,29.888387096774192,25.53516129032258,87.08064516129032,174.59
Pesawaran,2024,6,15.209,26.926333333333332,29.349333333333334,25.089666666666666,85.71033333333334,142.57
Pesawaran,2024,7,17.488387096774193,26.196129032258067,29.073548387096775,24.13935483870968,83.62290322580645,95.74
Pesawaran,2024,8,19.11032258064516,26.679032258064513,30.531290322580645,23.89548387096774,79.93290322580646,46.08
Pesawaran,2024,9,20.28166666666667,27.509,31.913,24.486666666666668,75.15266666666666,71.67999999999999
Pesawaran,2024,10,22.120645161290323,28.09258064516129,32.55935483870968,25.003225806451614,73.98645161290322,67.06
Pesawaran,2024,11,17.488333333333333,27.142999999999997,30.455333333333332,24.909666666666666,82.80466666666666,264.22
Pesawaran,2024,12,15.973225806451614,26.70387096774194,29.668064516129032,24.596451612903227,84.72258064516129,231.26
Pesisir Barat,2018,1,15.149999999999999,24.64258064516129,26.879354838709677,23.15096774193548,86.13516129032259,189.96
Pesisir Barat,2018,2,20.775714285714287,25.014285714285712,27.162142857142857,23.583571428571428,87.08357142857143,321.41
Pesisir Barat,2018,3,19.58677419354839,25.024193548387096,26.971612903225807,23.718387096774194,86.4274193548387,377.46000000000004
Pesisir Barat,2018,4,19.918,26.068666666666665,28.374333333333333,24.411,84.84666666666666,245.5
Pesisir Barat,2018,5,19.35258064516129,26.174838709677417,28.68548387096774,24.249354838709678,83.60161290322581,186.17000000000002
Pesisir Barat,2018,6,16.526333333333334,25.416,27.579666666666665,23.828666666666667,85.57566666666666,149.77
Pesisir Barat,2018,7,18.640967741935484,24.754516129032258,27.49290322580645,22.75225806451613,83.36483870967741,36.79
Pesisir Barat,2018,8,18.24258064516129,24.956129032258065,28.11064516129032,22.843870967741935,81.04451612903226,93.07
Pesisir Barat,2018,9,20.488,25.284666666666666,28.846999999999998,22.800333333333334,79.83466666666666,111.81
Pesisir Barat,2018,10,18.98741935483871,26.168387096774193,29.853548387096776,23.70225806451613,79.38322580645162,175.78
Pesisir Barat,2018,11,17.137333333333334,25.209333333333333,27.699666666666666,23.647,86.25866666666667,286.6
Pesisir Barat,2018,12,16.088387096774195,25.029354838709676,27.143548387096775,23.708387096774196,87.71354838709676,231.24
Pesisir Barat,2019,1,18.628387096774194,25.425483870967742,27.681612903225805,23.901612903225807,86.66096774193548,393.3
Pesisir Barat,2019,2,22.18285714285714,25.681071428571432,28.052857142857142,23.955357142857142,85.13214285714285,342.1
Pesisir Barat,2019,3,18.739677419354837,25.470000000000002,27.700645161290325,23.966451612903228,85.05096774193548,353.54
Pesisir Barat,2019,4,19.416666666666668,25.879,28.127333333333336,24.438,85.78566666666667,373.21
Pesisir Barat,2019,5,19.684838709677418,26.001290322580644,28.18516129032258,24.34193548387097,84.94935483870967,102.32000000000001
Pesisir Barat,2019,6,17.045,25.541333333333334,28.05666666666667,23.689666666666668,85.67033333333333,90.78
Pesisir Barat,2019,7,18.98741935483871,25.114516129032257,28.098709677419354,22.823548387096775,82.99935483870968,128.25
Pesisir Barat,2019,8,20.313870967741938,24.886129032258065,28.773548387096774,22.111612903225808,77.20935483870967,5.220000000000001
Pesisir Barat,2019,9,22.275333333333332,25.53666666666667,30.198,22.14,72.66266666666667,14.22
Pesisir Barat,2019,10,21.998387096774195,25.46193548387097,30.04612903225806,22.315806451612904,76.78580645161291,65.95
Pesisir Barat,2019,11,23.535,26.099,30.272,23.21333333333333,76.68433333333333,62.94
Pesisir Barat,2019,12,20.530967741935484,26.090967741935483,29.41516129032258,24.065483870967743,81.91387096774193,421.11
Pesisir Barat,2020,1,18.65967741935484,25.804193548387094,27.936451612903223,24.384193548387096,86.88354838709677,543.25
Pesisir Barat,2020,2,18.38655172413793,25.90793103448276,28.21379310344828,24.392413793103447,84.9403448275862,246.04999999999998
Pesisir Barat,2020,3,19.100645161290323,25.76225806451613,27.661935483870966,24.456774193548387,86.95870967741935,477.2
Pesisir Barat,2020,4,19.344333333333335,26.080333333333332,28.073333333333334,24.653000000000002,85.27133333333333,336.15
Pesisir Barat,2020,5,16.820645161290326,26.19161290322581,28.1658064516129,24.839032258064517,86.61903225806452,246.53
Pesisir Barat,2020,6,17.31,25.638333333333332,27.846333333333334,23.958666666666666,85.08833333333334,258.09
Pesisir Barat,2020,7,17.61225806451613,25.385483870967743,27.776129032258062,23.530645161290323,84.16516129032257,172.99
Pesisir Barat,2020,8,19.693548387096776,25.46225806451613,28.155806451612904,23.44161290322581,83.71548387096773,175.42
Pesisir Barat,2020,9,20.015333333333334,25.453333333333333,28.337333333333333,23.443666666666665,83.74933333333334,171.9
Pesisir Barat,2020,10,16.411290322580644,25.126129032258063,27.58451612903226,23.59709677419355,86.4283870967742,196.35
Pesisir Barat,2020,11,16.970666666666666,25.524,28.156333333333336,23.750333333333334,84.837,228.2
Pesisir Barat,2020,12,15.063548387096775,24.692258064516132,26.746774193548386,23.2758064516129,87.49967741935485,313.99
Pesisir Barat,2021,1,16.67290322580645,25.111290322580647,27.227096774193548,23.598709677419354,86.07387096774194,341.2
Pesisir Barat,2021,2,18.857857142857142,25.299285714285713,27.514285714285712,23.763214285714287,86.36642857142859,253.21
Pesisir Barat,2021,3,20.36258064516129,25.12258064516129,27.511935483870968,23.463225806451614,84.61064516129032,186.38
Pesisir Barat,2021,4,19.473333333333336,25.392666666666667,27.545333333333335,23.869000000000003,85.80866666666667,276.40999999999997
Pesisir Barat,2021,5,18.304193548387094,26.20258064516129,28.405806451612904,24.639032258064518,85.49838709677418,214.54
Pesisir Barat,2021,6,16.416333333333334,25.281000000000002,27.247,23.801666666666666,85.58433333333333,115.75
Pesisir Barat,2021,7,18.254516129032258,25.353225806451615,27.801290322580645,23.368387096774192,82.52935483870968,85.21
Pesisir Barat,2021,8,17.663548387096775,25.723548387096777,28.61193548387097,23.634193548387096,81.82516129032258,185.0
Pesisir Barat,2021,9,19.107666666666667,25.63266666666667,28.53666666666667,23.611,83.91266666666667,263.21999999999997
Pesisir Barat,2021,10,18.230645161290322,25.519354838709678,28.11,23.86516129032258,85.15290322580644,303.31
Pesisir Barat,2021,11,16.022333333333332,24.835333333333335,27.005666666666666,23.426666666666666,87.69433333333333,418.59999999999997
Pesisir Barat,2021,12,17.79774193548387,25.149677419354838,27.397096774193546,23.698064516129033,86.68645161290323,277.42
Pesisir Barat,2022,1,20.151612903225807,25.13,27.176129032258064,23.85516129032258,86.82935483870968,295.55
Pesisir Barat,2022,2,18.387857142857143,24.87,26.9425,23.454285714285714,85.82464285714286,208.9
Pesisir Barat,2022,3,18.957741935483874,25.326129032258066,27.526129032258062,23.86193548387097,85.71064516129033,131.23
Pesisir Barat,2022,4,19.37066666666667,25.426666666666666,27.638666666666666,23.894000000000002,86.05633333333334,198.87
Pesisir Barat,2022,5,17.374193548387098,25.734193548387097,27.82032258064516,24.339032258064517,86.69193548387096,214.78
Pesisir Barat,2022,6,16.133333333333333,25.055333333333333,26.933333333333334,23.691333333333333,86.10766666666667,234.26
Pesisir Barat,2022,7,16.296129032258065,25.36709677419355,27.41548387096774,23.781290322580645,84.5667741935484,157.29
Pesisir Barat,2022,8,17.006774193548388,25.36,27.703225806451613,23.70258064516129,85.89096774193548,313.79
Pesisir Barat,2022,9,17.162666666666667,24.93166666666667,27.167333333333332,23.424333333333333,86.17033333333333,153.38
Pesisir Barat,2022,10,15.449354838709677,24.644516129032258,26.81451612903226,23.243870967741934,87.88645161290323,288.82
Pesisir Barat,2022,11,16.369,24.764,26.941333333333333,23.384,88.15266666666666,222.3
Pesisir Barat,2022,12,16.615161290322582,24.816129032258065,27.139032258064514,23.29806451612903,85.9858064516129,270.69
Pesisir Barat,2023,1,17.969032258064516,24.57225806451613,26.657096774193548,23.21,88.17064516129032,358.84000000000003
Pesisir Barat,2023,2,16.631071428571428,24.837142857142858,27.037142857142857,23.386785714285715,86.61964285714285,172.18
Pesisir Barat,2023,3,20.17290322580645,25.29774193548387,27.47967741935484,23.87677419354839,87.16193548387096,377.34
Pesisir Barat,2023,4,19.744000000000003,25.608333333333334,27.82633333333333,24.111333333333334,86.09266666666667,197.4
Pesisir Barat,2023,5,18.76516129032258,26.063225806451616,28.149354838709677,24.671612903225807,86.34387096774194,162.52
Pesisir Barat,2023,6,17.043,25.83566666666667,27.983,24.294666666666668,86.53366666666668,155.85
Pesisir Barat,2023,7,16.176451612903225,25.312903225806455,27.467741935483872,23.822580645161292,87.25967741935484,258.04
Pesisir Barat,2023,8,20.071290322580648,25.176774193548386,28.245806451612903,23.030645161290323,84.26741935483871,68.87
Pesisir Barat,2023,9,23.015333333333334,24.960666666666665,29.119666666666667,22.045333333333335,78.702,5.3
Pesisir Barat,2023,10,22.68322580645161,26.169354838709676,30.627419354838707,22.981612903225805,76.08806451612904,24.58
Pesisir Barat,2023,11,20.218666666666664,26.044,29.378,23.872333333333334,83.44866666666667,183.0
Pesisir Barat,2023,12,20.623548387096776,25.55806451612903,28.583870967741937,23.614516129032257,85.04645161290323,288.26
Pesisir Barat,2024,1,17.774516129032257,25.548709677419353,27.551935483870967,24.219354838709677,87.58129032258064,304.52
Pesisir Barat,2024,2,19.576551724137932,26.051724137931036,28.260689655172413,24.61931034482759,85.99103448275861,302.84
Pesisir Barat,2024,3,18.55354838709677,25.980645161290322,27.98774193548387,24.565483870967743,87.44677419354838,468.2
Pesisir Barat,2024,4,19.188333333333333,26.624666666666666,28.857333333333333,25.075333333333333,87.69966666666666,392.49
Pesisir Barat,2024,5,17.806129032258063,26.846774193548388,29.02709677419355,25.259354838709676,86.46548387096773,259.46
Pesisir Barat,2024,6,16.900333333333332,26.252333333333336,28.342333333333332,24.684,85.04466666666667,187.28
Pesisir Barat,2024,7,18.379354838709677,25.807419354838707,28.31096774193548,23.876774193548385,83.1525806451613,62.71
Pesisir Barat,2024,8,19.481935483870966,26.04032258064516,29.533870967741933,23.48677419354839,80.24580645161289,41.7
Pesisir Barat,2024,9,21.237000000000002,26.329666666666665,30.171,23.803333333333335,78.01466666666667,104.93
Pesisir Barat,2024,10,22.307096774193546,26.73225806451613,30.51258064516129,24.184193548387096,77.04483870967742,100.99
Pesisir Barat,2024,11,17.800333333333334,25.87633333333333,28.459666666666667,24.282333333333334,84.932,406.09000000000003
Pesisir Barat,2024,12,15.177096774193549,25.43032258064516,27.580967741935485,23.921935483870968,87.21516129032258,292.09000000000003
Pringsewu,2018,1,16.938709677419357,25.845483870967744,28.77806451612903,23.696129032258067,84.71483870967741,162.3
Pringsewu,2018,2,19.874642857142856,25.919285714285714,28.48107142857143,23.997857142857146,86.46285714285715,374.04
Pringsewu,2018,3,19.3341935483871,25.989354838709676,28.49225806451613,24.228064516129034,86.3225806451613,379.44
Pringsewu,2018,4,19.419333333333334,26.541333333333334,29.061666666666667,24.695,86.41933333333333,244.87
Pringsewu,2018,5,18.595483870967744,26.565806451612904,29.163870967741936,24.671935483870968,86.29516129032258,122.63
Pringsewu,2018,6,16.45,26.106333333333335,28.454333333333334,24.430666666666664,86.50266666666667,122.36
Pringsewu,2018,7,18.671290322580642,25.350645161290323,28.54,23.026129032258062,82.50225806451614,12.120000000000001
Pringsewu,2018,8,18.283548387096772,26.090645161290322,30.063548387096777,23.373548387096776,76.60032258064517,34.39
Pringsewu,2018,9,19.555,26.67866666666667,31.08966666666667,23.514333333333333,74.95,47.11
Pringsewu,2018,10,19.0458064516129,27.57903225806452,31.911935483870966,24.484516129032258,75.19225806451612,77.44
Pringsewu,2018,11,17.436333333333334,26.75,29.99866666666667,24.60533333333333,82.48966666666666,173.05
Pringsewu,2018,12,16.271612903225808,26.49967741935484,29.530322580645162,24.456129032258065,82.56806451612904,161.39000000000001
Pringsewu,2019,1,18.85225806451613,26.60258064516129,29.58258064516129,24.436129032258062,84.20677419354838,340.98
Pringsewu,2019,2,20.95,26.534285714285716,29.36285714285714,24.485000000000003,85.41571428571429,275.99
Pringsewu,2019,3,19.010322580645163,26.299999999999997,28.983225806451614,24.271612903225805,85.85096774193549,353.42
Pringsewu,2019,4,19.479,26.801333333333332,29.406,24.92,86.099,271.79
Pringsewu,2019,5,18.438387096774196,26.710967741935484,29.11,24.955161290322582,86.09612903225806,86.38
Pringsewu,2019,6,16.950333333333333,26.00433333333333,28.729666666666667,24.05933333333333,85.18833333333333,51.300000000000004
Pringsewu,2019,7,18.14258064516129,25.767419354838708,29.140967741935484,23.324838709677422,81.65064516129033,70.58
Pringsewu,2019,8,19.67096774193548,26.216129032258067,30.84161290322581,23.038709677419355,74.00161290322582,3.39
Pringsewu,2019,9,21.498333333333335,27.168,32.50633333333333,23.298000000000002,69.24233333333333,3.6
Pringsewu,2019,10,21.044193548387096,27.58967741935484,32.69064516129032,23.948064516129033,71.34516129032258,56.75
Pringsewu,2019,11,21.674333333333333,27.859333333333332,32.657000000000004,24.403666666666666,72.48366666666666,53.5
Pringsewu,2019,12,19.666451612903224,27.813870967741938,32.04548387096774,24.821290322580648,77.5058064516129,276.38
Pringsewu,2020,1,18.181290322580644,26.73548387096774,29.551935483870967,24.69677419354839,86.28709677419356,584.64
Pringsewu,2020,2,18.468620689655175,26.547931034482758,29.06793103448276,24.58103448275862,86.60586206896552,267.43
Pringsewu,2020,3,18.76516129032258,26.673548387096773,28.98032258064516,24.908709677419353,86.9858064516129,444.5
Pringsewu,2020,4,18.91866666666667,26.823333333333334,29.223333333333336,25.005999999999997,86.84466666666667,290.9
Pringsewu,2020,5,16.76774193548387,26.780645161290323,29.001290322580644,25.169677419354837,87.91161290322582,190.13
Pringsewu,2020,6,16.69066666666667,26.186666666666667,28.481333333333332,24.46966666666667,87.16900000000001,268.28000000000003
Pringsewu,2020,7,17.32225806451613,25.761290322580646,28.27741935483871,24.01322580645161,86.4341935483871,146.46
Pringsewu,2020,8,19.783548387096772,25.878387096774194,28.71709677419355,23.7758064516129,85.79516129032258,170.82
Pringsewu,2020,9,18.515666666666668,26.063333333333333,29.05666666666667,23.918,85.11866666666667,112.3
Pringsewu,2020,10,16.82774193548387,26.062903225806455,28.7758064516129,24.25032258064516,85.79548387096774,142.06
Pringsewu,2020,11,17.033666666666665,26.62066666666667,29.837666666666667,24.409666666666666,83.34933333333333,161.63
Pringsewu,2020,12,16.681290322580644,25.87741935483871,28.616451612903226,23.879677419354838,85.23516129032258,294.26
Pringsewu,2021,1,16.369032258064514,25.923548387096773,28.393225806451614,23.990645161290324,86.10870967741936,335.33
Pringsewu,2021,2,18.440714285714286,26.056428571428572,28.601428571428574,24.118214285714288,86.90714285714286,307.99
Pringsewu,2021,3,20.12741935483871,26.050967741935484,28.543870967741935,24.04548387096774,85.48612903225806,181.95
Pringsewu,2021,4,18.924333333333333,26.212,28.694333333333336,24.359666666666666,86.08033333333333,200.95
Pringsewu,2021,5,18.200967741935486,26.695483870967742,29.180967741935483,24.923870967741934,87.35806451612903,87.7
Pringsewu,2021,6,16.11766666666667,26.033333333333335,28.230666666666664,24.35666666666667,86.31400000000001,81.35
Pringsewu,2021,7,17.733225806451614,25.98193548387097,29.053870967741933,23.728387096774195,82.9141935483871,55.419999999999995
Pringsewu,2021,8,17.09741935483871,26.45774193548387,29.820322580645165,24.13,81.44290322580645,116.07
Pringsewu,2021,9,18.07133333333333,26.351999999999997,29.570666666666668,24.109333333333332,83.26566666666666,165.02
Pringsewu,2021,10,18.605806451612903,26.661935483870966,29.799354838709675,24.489354838709676,82.69677419354838,158.59
Pringsewu,2021,11,17.088666666666665,25.967,28.470333333333333,24.200333333333333,86.91266666666667,371.2
Pringsewu,2021,12,17.311612903225804,26.21677419354839,28.93322580645161,24.25483870967742,85.4541935483871,252.76999999999998
Pringsewu,2022,1,19.549354838709675,25.912580645161288,28.183548387096774,24.19193548387097,87.26774193548388,315.46
Pringsewu,2022,2,18.446428571428573,25.934642857142855,28.551071428571426,23.96392857142857,85.74785714285714,223.46
Pringsewu,2022,3,19.495483870967742,26.344838709677422,28.926774193548386,24.39548387096774,85.23967741935483,139.51
Pringsewu,2022,4,19.37366666666667,26.28166666666667,28.812,24.404333333333334,85.537,226.19
Pringsewu,2022,5,16.614193548387096,26.40516129032258,28.58516129032258,24.782258064516128,87.5232258064516,234.63
Pringsewu,2022,6,15.919333333333332,25.671666666666667,27.877,24.103,87.24666666666667,147.83
Pringsewu,2022,7,15.990322580645161,26.05322580645161,28.6,24.148387096774194,85.53999999999999,90.19
Pringsewu,2022,8,17.116451612903226,26.021290322580644,28.575806451612905,24.206451612903226,86.09645161290322,137.72
Pringsewu,2022,9,17.002666666666666,25.939,28.683333333333334,24.023666666666667,85.46333333333334,85.6
Pringsewu,2022,10,16.210322580645162,25.84,28.43032258064516,24.118709677419357,86.1716129032258,196.56
Pringsewu,2022,11,17.52466666666667,25.988333333333333,28.824,24.000666666666667,85.74033333333334,148.06
Pringsewu,2022,12,16.155483870967743,26.011935483870968,28.990645161290324,23.84,84.34161290322581,215.45
Pringsewu,2023,1,18.026774193548388,25.656129032258065,28.223225806451612,23.77774193548387,86.87612903225806,310.46
Pringsewu,2023,2,16.69857142857143,25.77035714285714,28.365357142857142,23.7375,85.84392857142858,205.37
Pringsewu,2023,3,19.563548387096777,26.08258064516129,28.70193548387097,24.136129032258065,86.69516129032259,261.28000000000003
Pringsewu,2023,4,19.659,26.291666666666668,28.871,24.370333333333335,86.47133333333333,107.05
Pringsewu,2023,5,18.169032258064515,26.858709677419355,29.254193548387097,25.17096774193548,86.31258064516129,142.91
Pringsewu,2023,6,16.345000000000002,26.41166666666667,28.785,24.688666666666666,86.80099999999999,146.37
Pringsewu,2023,7,15.411935483870968,25.973870967741938,28.513870967741934,24.22225806451613,86.22258064516129,220.47
Pringsewu,2023,8,19.413870967741936,25.956129032258065,29.397096774193546,23.546774193548387,82.88741935483871,58.22
Pringsewu,2023,9,21.821,26.80666666666667,31.635666666666665,23.393666666666668,74.11933333333333,4.06
Pringsewu,2023,10,22.11774193548387,28.433870967741935,33.567096774193544,24.701612903225808,70.33741935483872,7.43
Pringsewu,2023,11,18.200666666666667,28.031000000000002,32.16566666666667,25.266333333333332,77.43433333333334,110.10000000000001
Pringsewu,2023,12,18.482580645161292,27.340967741935486,31.270967741935483,24.74225806451613,79.33225806451614,151.22
Pringsewu,2024,1,16.991612903225807,26.727096774193548,29.48225806451613,24.794193548387096,86.16451612903225,280.13
Pringsewu,2024,2,18.600689655172413,26.861379310344827,29.466206896551725,24.95310344827586,86.23724137931035,235.5
Pringsewu,2024,3,18.730645161290322,26.996129032258064,29.68935483870968,25.026451612903223,86.47612903225807,320.1
Pringsewu,2024,4,17.598000000000003,27.38,29.851,25.561666666666667,87.72833333333332,256.03000000000003
Pringsewu,2024,5,18.037419354838708,27.37516129032258,29.888387096774192,25.53516129032258,87.08064516129032,174.59
Pringsewu,2024,6,16.422,26.926333333333332,29.349333333333334,25.089666666666666,85.71033333333334,142.57
Pringsewu,2024,7,17.745483870967742,26.196129032258067,29.073548387096775,24.13935483870968,83.62290322580645,95.74
Pringsewu,2024,8,18.79741935483871,26.679032258064513,30.531290322580645,23.89548387096774,79.93290322580646,46.08
Pringsewu,2024,9,19.766333333333332,27.509,31.913,24.486666666666668,75.15266666666666,71.67999999999999
Pringsewu,2024,10,21.30354838709677,28.09258064516129,32.55935483870968,25.003225806451614,73.98645161290322,67.06
Pringsewu,2024,11,17.511333333333333,27.142999999999997,30.455333333333332,24.909666666666666,82.80466666666666,264.22
Pringsewu,2024,12,16.000967741935487,26.70387096774194,29.668064516129032,24.596451612903227,84.72258064516129,231.26
Tanggamus,2018,1,16.938709677419357,25.14516129032258,27.241612903225807,23.621290322580645,83.66032258064516,160.26
Tanggamus,2018,2,19.874642857142856,25.313214285714285,27.157857142857143,23.864642857142858,84.7867857142857,348.0
Tanggamus,2018,3,19.3341935483871,25.47935483870968,27.31451612903226,24.095483870967744,84.23129032258065,365.97
Tanggamus,2018,4,19.419333333333334,26.26033333333333,28.426333333333332,24.523666666666667,84.203,219.44
Tanggamus,2018,5,18.595483870967744,26.338064516129034,28.848709677419354,24.386451612903226,83.26451612903226,128.15
Tanggamus,2018,6,16.45,25.698666666666668,27.644,24.183333333333334,84.497,130.69
Tanggamus,2018,7,18.671290322580642,24.779032258064515,27.407096774193548,22.823225806451614,82.66967741935483,15.0
Tanggamus,2018,8,18.283548387096772,25.08677419354839,28.00258064516129,23.088064516129034,78.66290322580646,32.150000000000006
Tanggamus,2018,9,19.555,25.615666666666666,28.796333333333333,23.42,77.19866666666667,51.97
Tanggamus,2018,10,19.0458064516129,26.590645161290322,29.77516129032258,24.366451612903226,75.98387096774194,87.65
Tanggamus,2018,11,17.436333333333334,25.890333333333334,28.137999999999998,24.398666666666667,82.243,173.81
Tanggamus,2018,12,16.271612903225808,25.621612903225806,27.593225806451613,24.228387096774195,83.4341935483871,137.56
Tanggamus,2019,1,18.85225806451613,25.98483870967742,28.135483870967743,24.36709677419355,83.02967741935484,338.5
Tanggamus,2019,2,20.95,26.139285714285712,28.363928571428573,24.3425,83.11535714285715,295.01
Tanggamus,2019,3,19.010322580645163,25.803870967741933,27.84225806451613,24.227096774193548,83.54322580645162,332.43
Tanggamus,2019,4,19.479,26.245,28.262999999999998,24.711000000000002,84.08933333333333,304.74
Tanggamus,2019,5,18.438387096774196,26.266774193548386,28.335806451612903,24.656451612903226,84.47741935483872,78.65
Tanggamus,2019,6,16.950333333333333,25.686,28.154,23.901,83.993,53.32
Tanggamus,2019,7,18.14258064516129,25.30806451612903,28.251935483870966,23.18935483870968,81.41677419354839,78.99
Tanggamus,2019,8,19.67096774193548,24.883548387096774,28.399677419354838,22.53548387096774,76.81741935483872,1.51
Tanggamus,2019,9,21.498333333333335,25.721333333333334,29.88,22.971666666666668,72.015,2.36
Tanggamus,2019,10,21.044193548387096,25.960967741935484,29.800645161290323,23.484193548387097,74.64258064516129,56.17
Tanggamus,2019,11,21.674333333333333,26.637666666666668,30.252000000000002,24.198666666666668,73.49900000000001,51.45
Tanggamus,2019,12,19.666451612903224,27.051290322580645,29.963870967741936,25.011612903225807,75.91774193548386,287.25
Tanggamus,2020,1,18.181290322580644,26.276774193548388,28.20709677419355,24.749354838709678,84.39709677419354,527.66
Tanggamus,2020,2,18.468620689655175,26.303448275862067,28.370689655172413,24.700344827586203,83.38068965517242,231.91
Tanggamus,2020,3,18.76516129032258,26.24741935483871,28.02774193548387,24.856451612903225,84.70032258064516,393.33
Tanggamus,2020,4,18.91866666666667,26.413666666666664,28.340333333333334,24.908666666666665,83.84133333333334,290.6
Tanggamus,2020,5,16.76774193548387,26.433225806451613,28.261935483870968,25.02032258064516,85.41612903225807,203.82999999999998
Tanggamus,2020,6,16.69066666666667,25.841,27.78966666666667,24.276,84.86633333333333,286.21
Tanggamus,2020,7,17.32225806451613,25.4358064516129,27.618387096774192,23.729032258064517,84.52903225806452,161.14
Tanggamus,2020,8,19.783548387096772,25.568709677419356,28.01290322580645,23.659032258064514,83.99645161290321,149.24
Tanggamus,2020,9,18.515666666666668,25.562666666666665,27.915666666666667,23.791,83.67133333333332,118.39
Tanggamus,2020,10,16.82774193548387,25.423548387096773,27.517096774193547,23.96548387096774,84.99451612903225,131.02
Tanggamus,2020,11,17.033666666666665,26.009666666666664,28.442666666666664,24.225666666666665,82.66799999999999,155.61
Tanggamus,2020,12,16.681290322580644,25.120967741935484,26.91483870967742,23.73709677419355,84.8958064516129,291.63
Tanggamus,2021,1,16.369032258064514,25.448064516129033,27.373225806451615,23.9,83.88064516129033,321.23
Tanggamus,2021,2,18.440714285714286,25.648214285714285,27.684642857142855,24.073571428571427,84.21892857142858,261.01
Tanggamus,2021,3,20.12741935483871,25.581612903225807,27.638709677419353,23.90806451612903,82.71645161290323,167.1
Tanggamus,2021,4,18.924333333333333,25.704333333333334,27.677,24.151666666666664,84.26,198.49
Tanggamus,2021,5,18.200967741935486,26.36806451612903,28.4941935483871,24.733870967741936,84.69193548387096,88.78999999999999
Tanggamus,2021,6,16.11766666666667,25.624333333333333,27.503,24.061,83.82400000000001,73.85000000000001
Tanggamus,2021,7,17.733225806451614,25.74516129032258,28.406774193548387,23.651612903225807,80.77,59.349999999999994
Tanggamus,2021,8,17.09741935483871,26.057741935483868,28.764193548387098,24.05548387096774,79.91870967741936,128.58
Tanggamus,2021,9,18.07133333333333,25.877,28.445666666666668,24.016333333333332,82.39899999999999,171.8
Tanggamus,2021,10,18.605806451612903,25.946129032258067,28.144193548387097,24.331290322580646,82.98387096774194,192.01
Tanggamus,2021,11,17.088666666666665,25.171333333333333,26.85533333333333,23.882,86.74366666666667,398.08
Tanggamus,2021,12,17.311612903225804,25.49483870967742,27.437419354838706,23.961290322580645,84.73032258064515,242.49
Tanggamus,2022,1,19.549354838709675,25.299032258064514,26.93387096774193,24.04032258064516,85.71193548387097,294.62
Tanggamus,2022,2,18.446428571428573,25.261428571428574,27.075,23.778928571428573,84.44607142857141,194.8
Tanggamus,2022,3,19.495483870967742,25.70451612903226,27.690645161290323,24.15774193548387,84.0425806451613,121.5
Tanggamus,2022,4,19.37366666666667,25.861,27.976666666666667,24.255333333333333,83.51333333333334,176.35
Tanggamus,2022,5,16.614193548387096,26.04516129032258,27.899354838709677,24.62709677419355,84.79387096774194,206.02
Tanggamus,2022,6,15.919333333333332,25.354,27.157,23.89966666666667,84.591,138.34
Tanggamus,2022,7,15.990322580645161,25.68516129032258,27.75,24.036774193548386,83.42322580645161,91.9
Tanggamus,2022,8,17.116451612903226,25.63806451612903,27.66290322580645,24.029032258064515,84.79225806451613,169.22
Tanggamus,2022,9,17.002666666666666,25.231333333333335,27.176,23.751666666666665,85.11333333333333,91.34
Tanggamus,2022,10,16.210322580645162,25.062903225806455,26.861290322580647,23.692258064516132,86.07741935483871,219.61
Tanggamus,2022,11,17.52466666666667,25.131000000000004,26.953666666666667,23.730999999999998,86.31666666666666,155.57999999999998
Tanggamus,2022,12,16.155483870967743,25.273870967741935,27.39032258064516,23.70451612903226,83.82677419354839,213.29
Tanggamus,2023,1,18.026774193548388,24.90032258064516,26.67290322580645,23.551612903225806,86.2958064516129,332.06
Tanggamus,2023,2,16.69857142857143,25.1875,27.175714285714285,23.626785714285713,84.39678571428571,173.0
Tanggamus,2023,3,19.563548387096777,25.611290322580647,27.6,24.05354838709677,85.06258064516129,272.43
Tanggamus,2023,4,19.659,25.752666666666666,27.685333333333332,24.17233333333333,85.279,117.57
Tanggamus,2023,5,18.169032258064515,26.376451612903224,28.311290322580643,24.934838709677418,84.26677419354839,142.95
Tanggamus,2023,6,16.345000000000002,26.02266666666667,28.014,24.51066666666667,85.22366666666667,154.6
Tanggamus,2023,7,15.411935483870968,25.445806451612906,27.529032258064515,23.990000000000002,85.79032258064517,214.23
Tanggamus,2023,8,19.413870967741936,25.15032258064516,27.919032258064515,23.163870967741936,83.85064516129032,61.36
Tanggamus,2023,9,21.821,25.149,28.782333333333334,22.685333333333332,78.35633333333334,4.03
Tanggamus,2023,10,22.11774193548387,26.664193548387097,30.388709677419353,24.134838709677418,74.32774193548387,6.12
Tanggamus,2023,11,18.200666666666667,26.660666666666668,29.536333333333335,24.767666666666667,79.54299999999999,114.24
Tanggamus,2023,12,18.482580645161292,26.343225806451613,29.07935483870968,24.448387096774194,79.74774193548386,162.49
Tanggamus,2024,1,16.991612903225807,26.106774193548386,28.04548387096774,24.669677419354837,84.87387096774194,239.62
Tanggamus,2024,2,18.600689655172413,26.44793103448276,28.353448275862068,24.949310344827584,83.87068965517241,228.74
Tanggamus,2024,3,18.730645161290322,26.425806451612903,28.35,24.943225806451615,85.17870967741935,338.03
Tanggamus,2024,4,17.598000000000003,26.951666666666664,28.900333333333332,25.455666666666666,86.08233333333334,268.73
Tanggamus,2024,5,18.037419354838708,27.122258064516128,29.230645161290322,25.526774193548388,85.16645161290322,180.82
Tanggamus,2024,6,16.422,26.719333333333335,28.875333333333334,24.99866666666667,82.87333333333332,142.05
Tanggamus,2024,7,17.745483870967742,25.990645161290324,28.45709677419355,24.101612903225806,82.08967741935484,48.5
Tanggamus,2024,8,18.79741935483871,26.016451612903225,29.09935483870968,23.863225806451613,80.09516129032258,42.78
Tanggamus,2024,9,19.766333333333332,26.579333333333334,29.819333333333336,24.319333333333336,76.05066666666667,80.17
Tanggamus,2024,10,21.30354838709677,27.12258064516129,30.31,24.871935483870967,74.48483870967742,76.01
Tanggamus,2024,11,17.511333333333333,26.531333333333333,28.884333333333334,24.863666666666667,81.36433333333333,300.06
Tanggamus,2024,12,16.000967741935487,26.00774193548387,28.105806451612903,24.47290322580645,84.04774193548387,231.35999999999999
Tulang Bawang,2018,1,17.816774193548387,25.92516129032258,29.686129032258062,22.74290322580645,86.10806451612903,166.23
Tulang Bawang,2018,2,16.846071428571427,25.8775,28.98392857142857,23.263928571428572,89.09607142857143,355.3
Tulang Bawang,2018,3,19.11258064516129,26.135161290322582,29.31935483870968,23.389032258064514,87.94225806451612,399.54
Tulang Bawang,2018,4,17.163,26.751666666666665,30.180666666666664,23.807000000000002,87.39033333333333,190.11
Tulang Bawang,2018,5,15.543870967741936,26.648387096774194,30.261290322580646,23.790967741935482,88.47870967741936,146.66
Tulang Bawang,2018,6,14.603,26.031333333333333,29.53033333333333,23.191333333333333,89.21066666666667,118.88999999999999
Tulang Bawang,2018,7,18.033548387096772,25.412580645161288,29.919032258064515,21.748709677419356,86.05709677419355,15.61
Tulang Bawang,2018,8,17.379677419354838,26.15806451612903,31.246129032258064,22.388709677419353,81.03645161290324,52.57
Tulang Bawang,2018,9,19.387,26.832333333333334,32.437,22.287,76.30966666666667,53.64
Tulang Bawang,2018,10,19.32903225806452,28.04741935483871,33.498709677419356,23.735806451612905,74.72354838709677,89.93
Tulang Bawang,2018,11,17.786,27.324666666666666,31.393666666666665,24.033333333333335,81.48966666666666,196.84
Tulang Bawang,2018,12,17.562903225806455,26.73548387096774,30.509999999999998,23.59225806451613,83.38612903225807,148.35
Tulang Bawang,2019,1,18.001290322580644,26.547096774193548,30.047096774193548,23.649354838709677,87.33225806451614,303.94
Tulang Bawang,2019,2,18.365000000000002,26.637857142857143,30.13214285714286,23.693928571428568,87.54035714285715,294.64
Tulang Bawang,2019,3,18.27806451612903,26.596451612903227,29.95483870967742,23.581935483870968,86.4058064516129,340.45
Tulang Bawang,2019,4,16.603666666666665,27.09733333333333,30.586666666666666,24.209,87.29266666666668,318.55
Tulang Bawang,2019,5,16.725161290322582,26.838387096774195,30.40096774193548,23.872258064516128,88.40903225806451,69.49
Tulang Bawang,2019,6,15.721,26.220666666666666,30.158333333333335,23.120333333333335,88.21499999999999,68.07
Tulang Bawang,2019,7,17.46709677419355,25.726774193548387,30.338387096774195,22.06096774193548,85.88451612903226,80.25
Tulang Bawang,2019,8,18.23225806451613,26.52258064516129,32.37064516129032,21.986451612903227,76.82967741935484,2.64
Tulang Bawang,2019,9,20.199666666666666,28.126666666666665,35.09133333333333,22.587333333333333,67.03366666666666,13.04
Tulang Bawang,2019,10,20.906451612903226,29.248064516129034,36.45483870967742,23.65,64.32741935483871,51.18
Tulang Bawang,2019,11,19.722666666666665,29.932000000000002,36.43966666666667,24.656,62.681666666666665,64.01
Tulang Bawang,2019,12,17.260967741935485,28.054193548387094,32.55451612903226,24.47935483870968,77.92774193548387,301.34000000000003
Tulang Bawang,2020,1,17.18903225806452,26.65516129032258,30.002903225806453,23.85967741935484,88.30000000000001,402.79
Tulang Bawang,2020,2,16.810689655172414,26.630344827586207,29.960689655172413,23.906896551724138,88.42758620689655,180.79999999999998
Tulang Bawang,2020,3,17.3141935483871,26.99967741935484,30.09193548387097,24.280967741935484,87.74290322580646,359.87
Tulang Bawang,2020,4,17.196666666666665,27.111,30.337,24.420666666666666,87.57733333333334,288.66
Tulang Bawang,2020,5,15.628064516129033,27.016129032258064,30.24451612903226,24.539677419354838,89.31129032258065,191.73
Tulang Bawang,2020,6,14.604333333333333,26.188,29.537,23.565,89.709,295.43
Tulang Bawang,2020,7,15.359354838709677,25.75225806451613,29.313548387096777,22.925483870967742,89.27290322580646,141.4
Tulang Bawang,2020,8,18.53258064516129,25.910645161290322,29.94451612903226,22.57903225806452,88.33129032258064,110.84
Tulang Bawang,2020,9,17.874333333333333,26.264000000000003,30.47233333333333,22.902,86.38933333333333,103.54
Tulang Bawang,2020,10,16.513548387096776,26.549032258064514,30.43903225806452,23.397419354838707,85.65741935483871,167.19
Tulang Bawang,2020,11,17.229666666666667,26.73,30.630333333333333,23.502000000000002,85.19866666666667,163.1
Tulang Bawang,2020,12,17.047096774193548,26.160967741935483,29.46548387096774,23.227096774193548,86.49741935483871,283.11
Tulang Bawang,2021,1,15.02516129032258,25.636129032258065,28.588064516129034,23.193548387096776,90.2625806451613,306.94
Tulang Bawang,2021,2,17.366071428571427,25.915714285714284,29.0275,23.39107142857143,90.19749999999999,260.98
Tulang Bawang,2021,3,19.336451612903225,26.075483870967744,29.25258064516129,23.293548387096774,88.10354838709678,178.19
Tulang Bawang,2021,4,17.066666666666666,26.387,29.863,23.468666666666664,87.72466666666666,398.53999999999996
Tulang Bawang,2021,5,15.928709677419356,26.919677419354837,30.386774193548387,24.149354838709677,88.63193548387098,95.12
Tulang Bawang,2021,6,15.157666666666668,26.178333333333335,29.736,23.266000000000002,88.20333333333333,82.13
Tulang Bawang,2021,7,16.16032258064516,25.758709677419354,29.861290322580647,22.35258064516129,86.60483870967742,59.54
Tulang Bawang,2021,8,15.307419354838709,26.28,30.567419354838712,23.024193548387096,85.08258064516129,125.17
Tulang Bawang,2021,9,17.91166666666667,26.375,30.560333333333332,23.063666666666666,85.92766666666667,164.88
Tulang Bawang,2021,10,18.756774193548388,27.056774193548385,31.1858064516129,23.645806451612902,83.2567741935484,129.16
Tulang Bawang,2021,11,17.11466666666667,26.465,29.683333333333334,23.64466666666667,86.27400000000002,340.57
Tulang Bawang,2021,12,16.876451612903224,26.288709677419355,29.285806451612903,23.70451612903226,87.7874193548387,286.33
Tulang Bawang,2022,1,17.88064516129032,26.020967741935483,28.96548387096774,23.491612903225807,89.47,331.49
Tulang Bawang,2022,2,18.679285714285715,26.05392857142857,29.39535714285714,23.080000000000002,87.2317857142857,196.31
Tulang Bawang,2022,3,18.569032258064517,26.69516129032258,30.06096774193548,23.703870967741935,86.03129032258065,138.37
Tulang Bawang,2022,4,18.03166666666667,26.671,30.126666666666665,23.653666666666666,86.52633333333333,209.32
Tulang Bawang,2022,5,15.10741935483871,26.686451612903223,29.976451612903226,23.901290322580646,88.19129032258064,196.78
Tulang Bawang,2022,6,13.371333333333332,25.793,29.17233333333333,23.014666666666667,89.05266666666667,147.59
Tulang Bawang,2022,7,14.985483870967743,25.86741935483871,29.458709677419357,22.901612903225807,89.11064516129032,83.67
Tulang Bawang,2022,8,16.137096774193548,26.02032258064516,29.726774193548387,23.043225806451613,88.44129032258064,146.5
Tulang Bawang,2022,9,16.323,26.081333333333337,29.957666666666668,22.888666666666666,86.19233333333334,105.22
Tulang Bawang,2022,10,16.639032258064514,26.245483870967742,29.79774193548387,23.26225806451613,86.93193548387096,214.55
Tulang Bawang,2022,11,16.637666666666668,26.615000000000002,30.108999999999998,23.54866666666667,85.45833333333333,140.17
Tulang Bawang,2022,12,16.200645161290325,26.20225806451613,29.620967741935484,23.214193548387097,86.89709677419354,248.49
Tulang Bawang,2023,1,17.640967741935484,25.93516129032258,29.093548387096774,23.211290322580645,87.99645161290321,329.06
Tulang Bawang,2023,2,16.830000000000002,25.830000000000002,29.0125,23.038928571428574,88.64714285714285,180.16
Tulang Bawang,2023,3,17.950322580645164,26.312258064516126,29.426774193548386,23.585483870967742,88.35387096774193,303.28000000000003
Tulang Bawang,2023,4,18.066666666666666,26.965,30.523000000000003,23.799,86.20866666666667,149.62
Tulang Bawang,2023,5,16.016774193548386,27.15290322580645,30.615806451612904,24.36064516129032,88.38483870967741,174.84
Tulang Bawang,2023,6,14.760666666666667,26.537666666666667,30.091666666666665,23.625666666666667,89.11233333333332,134.12
Tulang Bawang,2023,7,14.794193548387097,26.235806451612902,29.883225806451613,23.433548387096774,88.46322580645162,194.98
Tulang Bawang,2023,8,17.41,26.12516129032258,30.692903225806454,22.56064516129032,86.63935483870968,59.339999999999996
Tulang Bawang,2023,9,19.87933333333333,27.063333333333333,33.052,22.293333333333333,77.42133333333332,5.880000000000001
Tulang Bawang,2023,10,20.799677419354836,29.31935483870968,35.74677419354839,24.203870967741935,67.41096774193548,15.37
Tulang Bawang,2023,11,16.649333333333335,29.138333333333332,34.00966666666667,25.191333333333333,73.714,112.68
Tulang Bawang,2023,12,16.843870967741935,28.280322580645162,32.58064516129032,24.817741935483873,78.82000000000001,197.54000000000002
Tulang Bawang,2024,1,16.40032258064516,27.126774193548385,30.538387096774194,24.14032258064516,85.82290322580644,244.12
Tulang Bawang,2024,2,17.412413793103447,27.195172413793102,30.346896551724136,24.57758620689655,87.68413793103448,270.29
Tulang Bawang,2024,3,17.743870967741934,27.461612903225806,30.99290322580645,24.378064516129033,86.75806451612904,302.62
Tulang Bawang,2024,4,15.331999999999999,27.936,31.36466666666667,24.929666666666666,86.99333333333334,262.21
Tulang Bawang,2024,5,14.949354838709677,27.62451612903226,31.186451612903223,24.822903225806453,89.04064516129033,210.43
Tulang Bawang,2024,6,14.117333333333333,26.970666666666666,30.432333333333336,24.049666666666667,87.78866666666666,118.68
Tulang Bawang,2024,7,16.413225806451614,26.181612903225805,30.42774193548387,22.798709677419353,86.44193548387096,44.9
Tulang Bawang,2024,8,17.538387096774194,26.92806451612903,31.92838709677419,23.00709677419355,82.21806451612903,30.04
Tulang Bawang,2024,9,18.232333333333333,28.083000000000002,33.434999999999995,23.793333333333333,75.23933333333333,82.5
Tulang Bawang,2024,10,19.503548387096775,28.76806451612903,34.38870967741936,24.21451612903226,72.26612903225806,84.62
Tulang Bawang,2024,11,15.322333333333335,27.773000000000003,31.74866666666667,24.492666666666665,81.22033333333334,257.28000000000003
Tulang Bawang,2024,12,14.943225806451613,26.94161290322581,30.524516129032257,23.857741935483872,85.24870967741936,256.23
Tulang Bawang Barat,2018,1,17.816774193548387,25.92516129032258,29.686129032258062,22.74290322580645,86.10806451612903,166.23
Tulang Bawang Barat,2018,2,16.846071428571427,25.8775,28.98392857142857,23.263928571428572,89.09607142857143,355.3
Tulang Bawang Barat,2018,3,19.11258064516129,26.135161290322582,29.31935483870968,23.389032258064514,87.94225806451612,399.54
Tulang Bawang Barat,2018,4,17.163,26.751666666666665,30.180666666666664,23.807000000000002,87.39033333333333,190.11
Tulang Bawang Barat,2018,5,15.543870967741936,26.648387096774194,30.261290322580646,23.790967741935482,88.47870967741936,146.66
Tulang Bawang Barat,2018,6,14.603,26.031333333333333,29.53033333333333,23.191333333333333,89.21066666666667,118.88999999999999
Tulang Bawang Barat,2018,7,18.033548387096772,25.412580645161288,29.919032258064515,21.748709677419356,86.05709677419355,15.61
Tulang Bawang Barat,2018,8,17.379677419354838,26.15806451612903,31.246129032258064,22.388709677419353,81.03645161290324,52.57
Tulang Bawang Barat,2018,9,19.387,26.832333333333334,32.437,22.287,76.30966666666667,53.64
Tulang Bawang Barat,2018,10,19.32903225806452,28.04741935483871,33.498709677419356,23.735806451612905,74.72354838709677,89.93
Tulang Bawang Barat,2018,11,17.786,27.324666666666666,31.393666666666665,24.033333333333335,81.48966666666666,196.84
Tulang Bawang Barat,2018,12,17.562903225806455,26.73548387096774,30.509999999999998,23.59225806451613,83.38612903225807,148.35
Tulang Bawang Barat,2019,1,18.001290322580644,26.547096774193548,30.047096774193548,23.649354838709677,87.33225806451614,303.94
Tulang Bawang Barat,2019,2,18.365000000000002,26.637857142857143,30.13214285714286,23.693928571428568,87.54035714285715,294.64
Tulang Bawang Barat,2019,3,18.27806451612903,26.596451612903227,29.95483870967742,23.581935483870968,86.4058064516129,340.45
Tulang Bawang Barat,2019,4,16.603666666666665,27.09733333333333,30.586666666666666,24.209,87.29266666666668,318.55
Tulang Bawang Barat,2019,5,16.725161290322582,26.838387096774195,30.40096774193548,23.872258064516128,88.40903225806451,69.49
Tulang Bawang Barat,2019,6,15.721,26.220666666666666,30.158333333333335,23.120333333333335,88.21499999999999,68.07
Tulang Bawang Barat,2019,7,17.46709677419355,25.726774193548387,30.338387096774195,22.06096774193548,85.88451612903226,80.25
Tulang Bawang Barat,2019,8,18.23225806451613,26.52258064516129,32.37064516129032,21.986451612903227,76.82967741935484,2.64
Tulang Bawang Barat,2019,9,20.199666666666666,28.126666666666665,35.09133333333333,22.587333333333333,67.03366666666666,13.04
Tulang Bawang Barat,2019,10,20.906451612903226,29.248064516129034,36.45483870967742,23.65,64.32741935483871,51.18
Tulang Bawang Barat,2019,11,19.722666666666665,29.932000000000002,36.43966666666667,24.656,62.681666666666665,64.01
Tulang Bawang Barat,2019,12,17.260967741935485,28.054193548387094,32.55451612903226,24.47935483870968,77.92774193548387,301.34000000000003
Tulang Bawang Barat,2020,1,17.18903225806452,26.65516129032258,30.002903225806453,23.85967741935484,88.30000000000001,402.79
Tulang Bawang Barat,2020,2,16.810689655172414,26.630344827586207,29.960689655172413,23.906896551724138,88.42758620689655,180.79999999999998
Tulang Bawang Barat,2020,3,17.3141935483871,26.99967741935484,30.09193548387097,24.280967741935484,87.74290322580646,359.87
Tulang Bawang Barat,2020,4,17.196666666666665,27.111,30.337,24.420666666666666,87.57733333333334,288.66
Tulang Bawang Barat,2020,5,15.628064516129033,27.016129032258064,30.24451612903226,24.539677419354838,89.31129032258065,191.73
Tulang Bawang Barat,2020,6,14.604333333333333,26.188,29.537,23.565,89.709,295.43
Tulang Bawang Barat,2020,7,15.359354838709677,25.75225806451613,29.313548387096777,22.925483870967742,89.27290322580646,141.4
Tulang Bawang Barat,2020,8,18.53258064516129,25.910645161290322,29.94451612903226,22.57903225806452,88.33129032258064,110.84
Tulang Bawang Barat,2020,9,17.874333333333333,26.264000000000003,30.47233333333333,22.902,86.38933333333333,103.54
Tulang Bawang Barat,2020,10,16.513548387096776,26.549032258064514,30.43903225806452,23.397419354838707,85.65741935483871,167.19
Tulang Bawang Barat,2020,11,17.229666666666667,26.73,30.630333333333333,23.502000000000002,85.19866666666667,163.1
Tulang Bawang Barat,2020,12,17.047096774193548,26.160967741935483,29.46548387096774,23.227096774193548,86.49741935483871,283.11
Tulang Bawang Barat,2021,1,15.02516129032258,25.636129032258065,28.588064516129034,23.193548387096776,90.2625806451613,306.94
Tulang Bawang Barat,2021,2,17.366071428571427,25.915714285714284,29.0275,23.39107142857143,90.19749999999999,260.98
Tulang Bawang Barat,2021,3,19.336451612903225,26.075483870967744,29.25258064516129,23.293548387096774,88.10354838709678,178.19
Tulang Bawang Barat,2021,4,17.066666666666666,26.387,29.863,23.468666666666664,87.72466666666666,398.53999999999996
Tulang Bawang Barat,2021,5,15.928709677419356,26.919677419354837,30.386774193548387,24.149354838709677,88.63193548387098,95.12
Tulang Bawang Barat,2021,6,15.157666666666668,26.178333333333335,29.736,23.266000000000002,88.20333333333333,82.13
Tulang Bawang Barat,2021,7,16.16032258064516,25.758709677419354,29.861290322580647,22.35258064516129,86.60483870967742,59.54
Tulang Bawang Barat,2021,8,15.307419354838709,26.28,30.567419354838712,23.024193548387096,85.08258064516129,125.17
Tulang Bawang Barat,2021,9,17.91166666666667,26.375,30.560333333333332,23.063666666666666,85.92766666666667,164.88
Tulang Bawang Barat,2021,10,18.756774193548388,27.056774193548385,31.1858064516129,23.645806451612902,83.2567741935484,129.16
Tulang Bawang Barat,2021,11,17.11466666666667,26.465,29.683333333333334,23.64466666666667,86.27400000000002,340.57
Tulang Bawang Barat,2021,12,16.876451612903224,26.288709677419355,29.285806451612903,23.70451612903226,87.7874193548387,286.33
Tulang Bawang Barat,2022,1,17.88064516129032,26.020967741935483,28.96548387096774,23.491612903225807,89.47,331.49
Tulang Bawang Barat,2022,2,18.679285714285715,26.05392857142857,29.39535714285714,23.080000000000002,87.2317857142857,196.31
Tulang Bawang Barat,2022,3,18.569032258064517,26.69516129032258,30.06096774193548,23.703870967741935,86.03129032258065,138.37
Tulang Bawang Barat,2022,4,18.03166666666667,26.671,30.126666666666665,23.653666666666666,86.52633333333333,209.32
Tulang Bawang Barat,2022,5,15.10741935483871,26.686451612903223,29.976451612903226,23.901290322580646,88.19129032258064,196.78
Tulang Bawang Barat,2022,6,13.371333333333332,25.793,29.17233333333333,23.014666666666667,89.05266666666667,147.59
Tulang Bawang Barat,2022,7,14.985483870967743,25.86741935483871,29.458709677419357,22.901612903225807,89.11064516129032,83.67
Tulang Bawang Barat,2022,8,16.137096774193548,26.02032258064516,29.726774193548387,23.043225806451613,88.44129032258064,146.5
Tulang Bawang Barat,2022,9,16.323,26.081333333333337,29.957666666666668,22.888666666666666,86.19233333333334,105.22
Tulang Bawang Barat,2022,10,16.639032258064514,26.245483870967742,29.79774193548387,23.26225806451613,86.93193548387096,214.55
Tulang Bawang Barat,2022,11,16.637666666666668,26.615000000000002,30.108999999999998,23.54866666666667,85.45833333333333,140.17
Tulang Bawang Barat,2022,12,16.200645161290325,26.20225806451613,29.620967741935484,23.214193548387097,86.89709677419354,248.49
Tulang Bawang Barat,2023,1,17.640967741935484,25.93516129032258,29.093548387096774,23.211290322580645,87.99645161290321,329.06
Tulang Bawang Barat,2023,2,16.830000000000002,25.830000000000002,29.0125,23.038928571428574,88.64714285714285,180.16
Tulang Bawang Barat,2023,3,17.950322580645164,26.312258064516126,29.426774193548386,23.585483870967742,88.35387096774193,303.28000000000003
Tulang Bawang Barat,2023,4,18.066666666666666,26.965,30.523000000000003,23.799,86.20866666666667,149.62
Tulang Bawang Barat,2023,5,16.016774193548386,27.15290322580645,30.615806451612904,24.36064516129032,88.38483870967741,174.84
Tulang Bawang Barat,2023,6,14.760666666666667,26.537666666666667,30.091666666666665,23.625666666666667,89.11233333333332,134.12
Tulang Bawang Barat,2023,7,14.794193548387097,26.235806451612902,29.883225806451613,23.433548387096774,88.46322580645162,194.98
Tulang Bawang Barat,2023,8,17.41,26.12516129032258,30.692903225806454,22.56064516129032,86.63935483870968,59.339999999999996
Tulang Bawang Barat,2023,9,19.87933333333333,27.063333333333333,33.052,22.293333333333333,77.42133333333332,5.880000000000001
Tulang Bawang Barat,2023,10,20.799677419354836,29.31935483870968,35.74677419354839,24.203870967741935,67.41096774193548,15.37
Tulang Bawang Barat,2023,11,16.649333333333335,29.138333333333332,34.00966666666667,25.191333333333333,73.714,112.68
Tulang Bawang Barat,2023,12,16.843870967741935,28.280322580645162,32.58064516129032,24.817741935483873,78.82000000000001,197.54000000000002
Tulang Bawang Barat,2024,1,16.40032258064516,27.126774193548385,30.538387096774194,24.14032258064516,85.82290322580644,244.12
Tulang Bawang Barat,2024,2,17.412413793103447,27.195172413793102,30.346896551724136,24.57758620689655,87.68413793103448,270.29
Tulang Bawang Barat,2024,3,17.743870967741934,27.461612903225806,30.99290322580645,24.378064516129033,86.75806451612904,302.62
Tulang Bawang Barat,2024,4,15.331999999999999,27.936,31.36466666666667,24.929666666666666,86.99333333333334,262.21
Tulang Bawang Barat,2024,5,14.949354838709677,27.62451612903226,31.186451612903223,24.822903225806453,89.04064516129033,210.43
Tulang Bawang Barat,2024,6,14.117333333333333,26.970666666666666,30.432333333333336,24.049666666666667,87.78866666666666,118.68
Tulang Bawang Barat,2024,7,16.413225806451614,26.181612903225805,30.42774193548387,22.798709677419353,86.44193548387096,44.9
Tulang Bawang Barat,2024,8,17.538387096774194,26.92806451612903,31.92838709677419,23.00709677419355,82.21806451612903,30.04
Tulang Bawang Barat,2024,9,18.232333333333333,28.083000000000002,33.434999999999995,23.793333333333333,75.23933333333333,82.5
Tulang Bawang Barat,2024,10,19.503548387096775,28.76806451612903,34.38870967741936,24.21451612903226,72.26612903225806,84.62
Tulang Bawang Barat,2024,11,15.322333333333335,27.773000000000003,31.74866666666667,24.492666666666665,81.22033333333334,257.28000000000003
Tulang Bawang Barat,2024,12,14.943225806451613,26.94161290322581,30.524516129032257,23.857741935483872,85.24870967741936,256.23
Way Kanan,2018,1,18.103870967741937,24.667096774193546,28.574516129032258,21.529354838709676,85.61516129032259,167.4
Way Kanan,2018,2,17.825,24.68,27.948928571428574,22.099642857142857,89.72071428571428,342.81
Way Kanan,2018,3,18.828709677419358,24.780322580645162,28.115806451612904,22.219677419354838,88.93258064516128,396.48
Way Kanan,2018,4,18.699666666666666,25.404333333333334,28.895666666666667,22.63266666666667,88.667,190.98000000000002
Way Kanan,2018,5,17.076129032258066,25.236129032258066,28.836129032258064,22.419999999999998,89.67290322580645,149.35
Way Kanan,2018,6,15.843333333333334,24.764,28.185333333333336,22.083333333333332,89.90666666666667,122.17
Way Kanan,2018,7,18.470967741935485,24.333225806451615,28.687096774193545,20.911290322580644,86.6316129032258,18.17
Way Kanan,2018,8,17.703225806451613,24.76967741935484,29.461612903225806,21.28322580645161,83.38032258064516,60.730000000000004
Way Kanan,2018,9,19.80933333333333,25.60533333333333,31.107333333333333,21.151999999999997,76.42733333333334,57.64
Way Kanan,2018,10,19.184838709677418,26.825483870967744,32.40709677419355,22.548387096774192,74.33709677419354,94.34
Way Kanan,2018,11,18.41166666666667,25.92666666666667,30.173,22.765333333333334,82.65266666666666,205.63
Way Kanan,2018,12,18.42774193548387,25.40258064516129,29.385483870967743,22.40032258064516,84.65225806451612,159.29
Way Kanan,2019,1,18.27548387096774,25.243870967741934,28.89258064516129,22.443548387096776,88.06516129032258,305.02
Way Kanan,2019,2,18.88,25.217857142857145,28.786785714285713,22.542142857142856,89.03464285714286,293.90999999999997
Way Kanan,2019,3,18.789354838709677,25.34258064516129,29.020967741935483,22.366129032258065,86.81838709677419,337.63
Way Kanan,2019,4,18.870333333333335,25.83833333333333,29.445,23.06566666666667,87.80933333333334,319.62
Way Kanan,2019,5,18.256451612903227,25.637096774193548,29.18064516129032,22.7758064516129,88.20064516129031,70.75
Way Kanan,2019,6,16.633333333333333,25.05666666666667,28.850666666666665,22.075666666666667,88.72233333333334,71.89
Way Kanan,2019,7,17.717741935483872,24.42290322580645,28.73032258064516,20.94741935483871,87.13741935483871,84.18
Way Kanan,2019,8,18.969354838709677,25.298387096774192,30.82935483870968,20.855483870967742,77.03096774193548,3.22
Way Kanan,2019,9,20.28166666666667,27.123333333333335,33.986333333333334,21.401999999999997,64.38033333333334,14.179999999999998
Way Kanan,2019,10,20.28322580645161,28.239677419354837,35.256129032258066,22.553870967741933,60.92322580645161,51.06
Way Kanan,2019,11,20.626666666666665,28.636666666666667,35.01166666666666,23.602666666666668,62.82333333333334,62.83
Way Kanan,2019,12,18.468709677419355,26.626451612903224,31.36032258064516,23.149677419354838,79.29483870967742,301.26
Way Kanan,2020,1,16.960322580645162,25.4358064516129,28.945483870967742,22.815806451612904,89.10096774193549,401.2
Way Kanan,2020,2,16.874827586206898,25.403448275862072,28.79689655172414,22.784137931034483,88.81620689655173,179.76
Way Kanan,2020,3,18.136129032258065,25.61935483870968,28.794516129032257,23.10451612903226,89.01322580645162,361.24
Way Kanan,2020,4,18.185666666666666,25.78166666666667,29.065333333333335,23.320666666666668,88.904,295.04
Way Kanan,2020,5,16.851935483870967,25.82741935483871,29.06967741935484,23.462580645161292,89.7490322580645,191.6
Way Kanan,2020,6,16.248666666666665,24.901999999999997,28.274333333333335,22.262333333333334,90.22633333333333,295.93
Way Kanan,2020,7,16.524516129032257,24.490967741935485,28.094516129032257,21.679032258064513,89.58129032258064,142.81
Way Kanan,2020,8,18.855483870967742,24.734193548387097,28.81483870967742,21.44483870967742,88.30580645161291,110.94999999999999
Way Kanan,2020,9,18.113999999999997,25.084,29.478333333333335,21.747666666666664,86.31133333333334,108.39
Way Kanan,2020,10,17.166774193548385,25.28516129032258,29.21161290322581,22.32935483870968,86.46032258064515,175.44
Way Kanan,2020,11,17.85533333333333,25.367,29.447,22.278000000000002,86.027,172.71
Way Kanan,2020,12,17.700322580645164,24.87258064516129,28.58451612903226,21.893870967741936,86.3883870967742,290.65
Way Kanan,2021,1,15.560322580645161,24.49290322580645,27.645806451612902,22.02258064516129,90.08612903225807,311.73
Way Kanan,2021,2,17.11857142857143,24.746785714285714,28.04,22.251785714285713,90.15428571428572,259.91
Way Kanan,2021,3,19.404516129032256,24.77806451612903,28.136129032258065,22.121935483870967,89.01677419354839,180.37
Way Kanan,2021,4,19.014666666666663,25.130333333333333,28.62366666666667,22.382,88.28166666666668,390.21
Way Kanan,2021,5,17.56451612903226,25.64741935483871,29.11258064516129,22.996451612903225,89.55645161290323,102.9
Way Kanan,2021,6,16.722333333333335,24.93433333333333,28.361666666666668,22.14333333333333,88.79433333333333,84.48
Way Kanan,2021,7,17.464193548387097,24.434516129032257,28.424193548387095,21.19645161290323,87.77387096774193,63.57
Way Kanan,2021,8,16.94516129032258,24.86,29.044516129032257,21.735806451612902,86.7125806451613,128.02
Way Kanan,2021,9,18.220333333333333,25.180999999999997,29.424,21.87633333333333,86.301,168.4
Way Kanan,2021,10,19.36935483870968,25.889032258064518,30.05290322580645,22.608064516129033,83.74580645161289,137.09
Way Kanan,2021,11,18.471333333333334,25.121333333333332,28.677666666666667,22.37366666666667,87.16499999999999,338.2
Way Kanan,2021,12,18.054516129032258,25.043870967741935,28.39,22.504516129032258,88.49064516129032,282.24
Way Kanan,2022,1,18.279032258064515,24.92774193548387,28.16032258064516,22.50516129032258,89.61354838709677,329.08
Way Kanan,2022,2,19.66,24.763214285714287,28.296785714285715,21.893214285714286,87.455,195.35
Way Kanan,2022,3,19.179677419354835,25.36193548387097,28.97483870967742,22.471612903225807,86.22064516129032,140.16
Way Kanan,2022,4,18.772666666666666,25.426,28.909,22.621333333333332,87.29466666666667,220.72
Way Kanan,2022,5,16.66548387096774,25.56645161290323,29.00483870967742,22.841290322580647,88.55645161290323,199.04
Way Kanan,2022,6,15.448333333333332,24.637,28.033333333333335,21.982333333333333,89.26700000000001,155.35
Way Kanan,2022,7,15.169354838709678,24.69645161290323,28.256451612903227,21.811290322580643,88.99935483870968,89.16
Way Kanan,2022,8,16.66548387096774,24.921290322580642,28.7958064516129,21.988387096774193,88.44419354838709,155.92
Way Kanan,2022,9,16.831333333333333,24.954333333333334,28.953666666666667,21.869000000000003,86.44,110.56
Way Kanan,2022,10,17.279032258064515,25.03516129032258,28.723548387096773,22.226774193548387,87.71870967741934,223.96
Way Kanan,2022,11,17.67366666666667,25.416,29.235,22.419666666666668,85.62899999999999,149.75
Way Kanan,2022,12,16.707741935483874,24.96741935483871,28.713870967741936,21.962580645161292,86.79354838709678,252.36
Way Kanan,2023,1,17.873548387096776,24.67032258064516,28.069032258064517,21.918709677419354,88.48677419354838,330.2
Way Kanan,2023,2,17.047857142857143,24.66857142857143,28.146071428571428,21.818214285714284,87.58785714285715,177.92000000000002
Way Kanan,2023,3,17.42290322580645,24.983225806451614,28.23935483870968,22.45225806451613,89.37451612903226,303.64
Way Kanan,2023,4,18.683333333333334,25.740000000000002,29.512666666666668,22.669333333333334,86.56066666666668,148.48
Way Kanan,2023,5,17.781290322580645,25.81709677419355,29.249354838709678,23.216129032258067,89.45225806451613,179.15
Way Kanan,2023,6,15.551333333333334,25.324666666666666,28.801,22.552333333333333,89.61066666666667,132.0
Way Kanan,2023,7,15.204193548387096,25.14032258064516,28.626451612903224,22.573870967741936,88.9658064516129,195.89000000000001
Way Kanan,2023,8,17.706774193548387,25.115806451612904,29.61741935483871,21.62258064516129,86.60967741935484,59.7
Way Kanan,2023,9,19.680333333333333,25.745,31.378666666666668,21.14466666666667,78.27133333333333,6.05
Way Kanan,2023,10,19.903548387096773,28.01258064516129,34.23967741935484,22.91290322580645,66.75612903225807,16.44
Way Kanan,2023,11,17.672,27.818666666666665,32.725,24.042666666666666,74.19233333333334,112.0
Way Kanan,2023,12,17.470967741935485,26.731612903225805,31.050322580645158,23.504193548387097,81.16,206.95
Way Kanan,2024,1,17.06064516129032,25.65741935483871,29.044516129032257,23.04258064516129,87.83870967741936,248.66
Way Kanan,2024,2,17.435172413793104,25.901379310344826,29.28620689655172,23.371724137931032,88.6703448275862,274.72
Way Kanan,2024,3,17.908709677419353,26.04032258064516,29.64258064516129,23.04032258064516,87.62741935483871,318.97
Way Kanan,2024,4,17.108,26.504,29.872333333333334,23.81,88.62566666666666,266.38
Way Kanan,2024,5,16.18935483870968,26.419999999999998,29.86935483870968,23.766451612903225,89.68258064516128,211.73
Way Kanan,2024,6,15.278333333333334,25.66466666666667,29.082333333333334,22.947666666666667,88.657,122.73
Way Kanan,2024,7,17.884516129032257,25.01806451612903,29.073870967741936,21.81709677419355,87.08516129032257,47.97
Way Kanan,2024,8,17.57225806451613,25.65806451612903,30.414516129032258,21.919032258064515,82.99290322580644,29.93
Way Kanan,2024,9,18.127,26.783333333333335,32.05766666666667,22.617666666666665,75.714,83.96000000000001
Way Kanan,2024,10,20.683225806451613,27.523225806451613,33.16258064516129,23.057741935483868,72.10806451612903,84.47
Way Kanan,2024,11,17.272,26.395666666666667,30.60033333333333,23.270333333333333,82.13433333333333,252.60999999999999
Way Kanan,2024,12,16.273870967741935,25.615806451612904,29.438709677419357,22.533870967741933,85.0725806451613,260.83
